id,trn,n_trn
tri00001,NCT04246242,1
tri00002,NCT04252885,1
tri00003,NCT04255940,1
tri00004,NCT04260308,1
tri00005,NCT04260594,1
tri00006,NCT04261426,1
tri00007,NCT04261907,1
tri00008,ChiCTR2000029953,1
tri00009,ChiCTR2000029949,1
tri00010,ChiCTR2000029947,1
tri00011,ChiCTR2000029941,1
tri00012,ChiCTR2000029939,1
tri00013,ChiCTR2000029935,1
tri00014,ChiCTR2000029907,1
tri00015,ChiCTR2000029905,1
tri00016,ChiCTR2000029896,1
tri00017,ChiCTR2000029883,1
tri00018,ChiCTR2000029870,1
tri00019,ChiCTR2000029869,1
tri00020,ChiCTR2000029867,1
tri00021,ChiCTR2000029855,1
tri00022,ChiCTR2000029853,1
tri00023,ChiCTR2000029850,1
tri00024,ChiCTR2000029849,1
tri00025,ChiCTR2000029839,1
tri00026,ChiCTR2000029822,1
tri00027,ChiCTR2000029821,1
tri00028,ChiCTR2000029819,1
tri00029,ChiCTR2000029815,1
tri00030,ChiCTR2000029814,1
tri00031,ChiCTR2000029813,1
tri00032,ChiCTR2000029811,1
tri00033,ChiCTR2000029810,1
tri00034,ChiCTR2000029806,1
tri00035,ChiCTR2000029805,1
tri00036,ChiCTR2000029804,1
tri00037,ChiCTR2000029790,1
tri00038,ChiCTR2000029789,1
tri00039,ChiCTR2000029788,1
tri00040,ChiCTR2000029782,1
tri00041,ChiCTR2000029779,1
tri00042,ChiCTR2000029778,1
tri00043,ChiCTR2000029777,1
tri00044,ChiCTR2000029776,1
tri00045,ChiCTR2000029769,1
tri00046,ChiCTR2000029768,1
tri00047,ChiCTR2000029765,1
tri00048,ChiCTR2000029764,1
tri00049,ChiCTR2000029763,1
tri00050,ChiCTR2000029758,1
tri00051,ChiCTR2000029756,1
tri00052,ChiCTR2000029754,1
tri00053,ChiCTR2000029751,1
tri00054,ChiCTR2000029747,1
tri00055,ChiCTR2000029742,1
tri00056,ChiCTR2000029741,1
tri00057,ChiCTR2000029739,1
tri00058,ChiCTR2000029735,1
tri00059,ChiCTR2000029734,1
tri00060,ChiCTR2000029732,1
tri00061,ChiCTR2000029695,1
tri00062,ChiCTR2000029656,1
tri00063,ChiCTR2000029639,1
tri00064,ChiCTR2000029637,1
tri00065,ChiCTR2000029636,1
tri00066,ChiCTR2000029628,1
tri00067,ChiCTR2000029626,1
tri00068,ChiCTR2000029625,1
tri00069,ChiCTR2000029624,1
tri00070,ChiCTR2000029621,1
tri00071,ChiCTR2000029609,1
tri00072,ChiCTR2000029606,1
tri00073,ChiCTR2000029603,1
tri00074,ChiCTR2000029602,1
tri00075,ChiCTR2000029601,1
tri00076,ChiCTR2000029600,1
tri00077,ChiCTR2000029578,1
tri00078,ChiCTR2000029572,1
tri00079,ChiCTR2000029569,1
tri00080,ChiCTR2000029559,1
tri00081,ChiCTR2000029558,1
tri00082,ChiCTR2000029548,1
tri00083,ChiCTR2000029544,1
tri00084,ChiCTR2000029542,1
tri00085,ChiCTR2000029541,1
tri00086,ChiCTR2000029539,1
tri00087,ChiCTR2000029518,1
tri00088,ChiCTR2000029517,1
tri00089,ChiCTR2000029495,1
tri00090,ChiCTR2000029493,1
tri00091,ChiCTR2000029487,1
tri00092,ChiCTR2000029468,1
tri00093,ChiCTR2000029462,1
tri00094,ChiCTR2000029461,1
tri00095,ChiCTR2000029460,1
tri00096,ChiCTR2000029459,1
tri00097,ChiCTR2000029439,1
tri00098,ChiCTR2000029438,1
tri00099,ChiCTR2000029437,1
tri00100,ChiCTR2000029436,1
tri00101,ChiCTR2000029435,1
tri00102,ChiCTR2000029432,1
tri00103,ChiCTR2000029431,1
tri00104,ChiCTR2000029430,1
tri00105,ChiCTR2000029418,1
tri00106,ChiCTR2000029400,1
tri00107,ChiCTR2000029381,1
tri00108,NCT04268537,1
tri00109,ChiCTR2000030188,1
tri00110,ChiCTR2000030185,1
tri00111,ChiCTR2000030179,1
tri00112,ChiCTR2000030173,1
tri00113,ChiCTR2000030170,1
tri00114,ChiCTR2000030167,1
tri00115,ChiCTR2000030166,1
tri00116,ChiCTR2000030165,1
tri00117,ChiCTR2000030164,1
tri00118,ChiCTR2000030138,1
tri00119,ChiCTR2000030137,1
tri00120,ChiCTR2000030136,1
tri00120,NCT04283825,2
tri00121,ChiCTR2000030118,1
tri00122,ChiCTR2000030117,1
tri00123,ChiCTR2000030116,1
tri00124,ChiCTR2000030115,1
tri00125,ChiCTR2000030113,1
tri00126,ChiCTR2000030102,1
tri00127,ChiCTR2000030096,1
tri00128,ChiCTR2000030094,1
tri00129,ChiCTR2000030093,1
tri00130,ChiCTR2000030092,1
tri00131,ChiCTR2000030090,1
tri00132,ChiCTR2000030089,1
tri00133,ChiCTR2000030088,1
tri00134,ChiCTR2000030087,1
tri00135,ChiCTR2000030086,1
tri00136,ChiCTR2000030084,1
tri00137,ChiCTR2000030058,1
tri00138,ChiCTR2000030056,1
tri00139,ChiCTR2000030054,1
tri00140,ChiCTR2000030046,1
tri00141,ChiCTR2000030043,1
tri00142,ChiCTR2000030041,1
tri00143,ChiCTR2000030039,1
tri00144,ChiCTR2000030034,1
tri00145,ChiCTR2000030033,1
tri00146,ChiCTR2000030032,1
tri00147,ChiCTR2000030030,1
tri00148,ChiCTR2000030029,1
tri00149,ChiCTR2000030027,1
tri00150,ChiCTR2000030021,1
tri00151,ChiCTR2000030020,1
tri00152,ChiCTR2000030019,1
tri00153,ChiCTR2000030017,1
tri00154,ChiCTR2000030016,1
tri00155,ChiCTR2000030015,1
tri00156,ChiCTR2000030012,1
tri00157,ChiCTR2000030010,1
tri00158,ChiCTR2000030008,1
tri00159,ChiCTR2000030007,1
tri00160,ChiCTR2000030006,1
tri00161,ChiCTR2000030004,1
tri00162,ChiCTR2000030003,1
tri00163,ChiCTR2000030002,1
tri00164,ChiCTR2000030001,1
tri00165,ChiCTR2000030000,1
tri00166,ChiCTR2000029999,1
tri00167,ChiCTR2000029996,1
tri00168,ChiCTR2000029995,1
tri00169,ChiCTR2000029994,1
tri00170,ChiCTR2000029992,1
tri00171,ChiCTR2000029990,1
tri00172,ChiCTR2000029989,1
tri00173,ChiCTR2000029988,1
tri00174,ChiCTR2000029985,1
tri00175,ChiCTR2000029981,1
tri00176,ChiCTR2000029978,1
tri00177,ChiCTR2000029974,1
tri00178,ChiCTR2000029972,1
tri00179,ChiCTR2000029960,1
tri00180,ChiCTR2000029959,1
tri00181,ChiCTR2000029956,1
tri00182,ChiCTR2000029954,1
tri00183,ChiCTR2000029866,1
tri00184,ChiCTR2000029865,1
tri00185,ChiCTR2000029851,1
tri00186,ChiCTR2000029803,1
tri00187,ChiCTR2000029781,1
tri00188,ChiCTR2000029780,1
tri00189,ChiCTR2000029740,1
tri00190,NCT04270383,1
tri00191,NCT04273529,1
tri00192,NCT04273581,1
tri00193,NCT04275245,1
tri00194,NCT04275947,1
tri00195,NCT04279197,1
tri00196,NCT04279782,1
tri00197,NCT04279795,1
tri00198,NCT04279899,1
tri00199,NCT04280588,1
tri00200,ChiCTR2000030442,1
tri00201,ChiCTR2000030433,1
tri00202,ChiCTR2000030432,1
tri00203,ChiCTR2000030424,1
tri00204,ChiCTR2000030420,1
tri00205,ChiCTR2000030418,1
tri00206,ChiCTR2000030398,1
tri00207,ChiCTR2000030391,1
tri00208,ChiCTR2000030390,1
tri00209,ChiCTR2000030389,1
tri00210,ChiCTR2000030387,1
tri00211,ChiCTR2000030386,1
tri00212,ChiCTR2000030382,1
tri00213,ChiCTR2000030363,1
tri00214,ChiCTR2000030334,1
tri00215,ChiCTR2000030333,1
tri00216,ChiCTR2000030327,1
tri00217,ChiCTR2000030325,1
tri00218,ChiCTR2000030324,1
tri00219,ChiCTR2000030322,1
tri00220,ChiCTR2000030317,1
tri00221,ChiCTR2000030315,1
tri00222,ChiCTR2000030314,1
tri00223,ChiCTR2000030305,1
tri00224,ChiCTR2000030293,1
tri00225,ChiCTR2000030290,1
tri00226,ChiCTR2000030283,1
tri00227,ChiCTR2000030265,1
tri00228,ChiCTR2000030264,1
tri00229,ChiCTR2000030263,1
tri00230,ChiCTR2000030261,1
tri00231,ChiCTR2000030260,1
tri00232,ChiCTR2000030259,1
tri00233,ChiCTR2000030258,1
tri00234,ChiCTR2000030257,1
tri00235,ChiCTR2000030255,1
tri00236,ChiCTR2000030253,1
tri00237,ChiCTR2000030226,1
tri00238,ChiCTR2000030225,1
tri00239,ChiCTR2000030223,1
tri00240,ChiCTR2000030222,1
tri00241,ChiCTR2000030219,1
tri00242,ChiCTR2000030218,1
tri00243,ChiCTR2000030215,1
tri00244,ChiCTR2000030196,1
tri00245,ChiCTR2000030162,1
tri00246,ChiCTR2000030091,1
tri00247,ChiCTR2000030042,1
tri00248,ChiCTR2000030022,1
tri00249,ChiCTR2000030013,1
tri00250,ChiCTR2000029991,1
tri00251,ChiCTR2000029975,1
tri00252,ChiCTR2000029952,1
tri00253,ChiCTR2000029900,1
tri00254,ChiCTR2000029899,1
tri00255,ChiCTR2000029898,1
tri00256,ChiCTR2000029829,1
tri00257,ChiCTR2000029762,1
tri00258,ChiCTR2000029761,1
tri00259,ChiCTR2000029760,1
tri00260,ChiCTR2000029759,1
tri00261,ChiCTR2000029755,1
tri00262,ChiCTR2000029728,1
tri00263,ChiCTR2000029387,1
tri00264,ChiCTR2000029386,1
tri00265,NCT04276987,1
tri00266,NCT04281693,1
tri00267,NCT04282902,1
tri00267,ChiCTR2000030333,2
tri00268,NCT04284046,1
tri00269,NCT04286503,1
tri00270,ChiCTR2000030627,1
tri00271,ChiCTR2000030593,1
tri00272,ChiCTR2000030581,1
tri00273,ChiCTR2000030579,1
tri00274,ChiCTR2000030578,1
tri00275,ChiCTR2000030574,1
tri00276,ChiCTR2000030564,1
tri00277,ChiCTR2000030559,1
tri00278,ChiCTR2000030557,1
tri00279,ChiCTR2000030556,1
tri00280,ChiCTR2000030552,1
tri00281,ChiCTR2000030544,1
tri00282,ChiCTR2000030543,1
tri00283,ChiCTR2000030542,1
tri00284,ChiCTR2000030541,1
tri00285,ChiCTR2000030540,1
tri00286,ChiCTR2000030535,1
tri00287,ChiCTR2000030522,1
tri00288,ChiCTR2000030518,1
tri00289,ChiCTR2000030503,1
tri00290,ChiCTR2000030493,1
tri00291,ChiCTR2000030492,1
tri00292,ChiCTR2000030491,1
tri00293,ChiCTR2000030490,1
tri00294,ChiCTR2000030489,1
tri00295,ChiCTR2000030487,1
tri00296,ChiCTR2000030485,1
tri00297,ChiCTR2000030484,1
tri00298,ChiCTR2000030482,1
tri00299,ChiCTR2000030481,1
tri00300,ChiCTR2000030480,1
tri00301,ChiCTR2000030479,1
tri00302,ChiCTR2000030477,1
tri00303,ChiCTR2000030475,1
tri00304,ChiCTR2000030472,1
tri00305,ChiCTR2000030471,1
tri00306,ChiCTR2000030469,1
tri00307,ChiCTR2000030468,1
tri00308,ChiCTR2000030467,1
tri00309,ChiCTR2000030465,1
tri00310,ChiCTR2000030464,1
tri00311,ChiCTR2000030453,1
tri00312,ChiCTR2000030436,1
tri00313,ChiCTR2000030312,1
tri00314,ChiCTR2000030304,1
tri00315,ChiCTR2000030163,1
tri00316,ChiCTR2000030014,1
tri00317,ChiCTR2000029993,1
tri00318,ChiCTR2000029958,1
tri00319,ChiCTR2000029757,1
tri00320,ChiCTR2000029580,1
tri00321,ChiCTR2000029579,1
tri00322,ChiCTR2000029550,1
tri00323,ChiCTR2000029549,1
tri00324,ChiCTR2000029308,1
tri00325,NCT04292327,1
tri00326,NCT04292340,1
tri00327,NCT04293887,1
tri00328,NCT04295551,1
tri00329,NCT04296643,1
tri00330,NCT04298814,1
tri00331,NCT04299711,1
tri00332,ChiCTR2000030902,1
tri00333,ChiCTR2000030901,1
tri00334,ChiCTR2000030898,1
tri00335,ChiCTR2000030897,1
tri00336,ChiCTR2000030896,1
tri00337,ChiCTR2000030895,1
tri00338,ChiCTR2000030893,1
tri00339,ChiCTR2000030892,1
tri00340,ChiCTR2000030883,1
tri00341,ChiCTR2000030866,1
tri00342,ChiCTR2000030865,1
tri00343,ChiCTR2000030864,1
tri00344,ChiCTR2000030863,1
tri00345,ChiCTR2000030862,1
tri00346,ChiCTR2000030861,1
tri00347,ChiCTR2000030860,1
tri00348,ChiCTR2000030859,1
tri00349,ChiCTR2000030858,1
tri00350,ChiCTR2000030857,1
tri00351,ChiCTR2000030856,1
tri00352,ChiCTR2000030855,1
tri00353,ChiCTR2000030854,1
tri00354,ChiCTR2000030853,1
tri00355,ChiCTR2000030852,1
tri00356,ChiCTR2000030850,1
tri00357,ChiCTR2000030849,1
tri00358,ChiCTR2000030841,1
tri00359,ChiCTR2000030839,1
tri00360,ChiCTR2000030838,1
tri00361,ChiCTR2000030836,1
tri00362,ChiCTR2000030835,1
tri00363,ChiCTR2000030834,1
tri00364,ChiCTR2000030833,1
tri00365,ChiCTR2000030832,1
tri00366,ChiCTR2000030831,1
tri00367,ChiCTR2000030830,1
tri00368,ChiCTR2000030819,1
tri00369,ChiCTR2000030818,1
tri00370,ChiCTR2000030816,1
tri00371,ChiCTR2000030814,1
tri00372,ChiCTR2000030812,1
tri00373,ChiCTR2000030810,1
tri00374,ChiCTR2000030809,1
tri00375,ChiCTR2000030807,1
tri00376,ChiCTR2000030806,1
tri00377,ChiCTR2000030805,1
tri00378,ChiCTR2000030804,1
tri00379,ChiCTR2000030803,1
tri00380,ChiCTR2000030802,1
tri00381,ChiCTR2000030801,1
tri00382,ChiCTR2000030800,1
tri00383,ChiCTR2000030799,1
tri00384,ChiCTR2000030798,1
tri00385,ChiCTR2000030797,1
tri00386,ChiCTR2000030796,1
tri00387,ChiCTR2000030795,1
tri00388,ChiCTR2000030784,1
tri00389,ChiCTR2000030782,1
tri00390,ChiCTR2000030779,1
tri00391,ChiCTR2000030778,1
tri00392,ChiCTR2000030773,1
tri00393,ChiCTR2000030768,1
tri00394,ChiCTR2000030764,1
tri00395,ChiCTR2000030763,1
tri00396,ChiCTR2000030762,1
tri00397,ChiCTR2000030761,1
tri00398,ChiCTR2000030760,1
tri00399,ChiCTR2000030759,1
tri00400,ChiCTR2000030758,1
tri00401,ChiCTR2000030757,1
tri00402,ChiCTR2000030756,1
tri00403,ChiCTR2000030755,1
tri00404,ChiCTR2000030754,1
tri00405,ChiCTR2000030753,1
tri00406,ChiCTR2000030752,1
tri00407,ChiCTR2000030751,1
tri00408,ChiCTR2000030747,1
tri00409,ChiCTR2000030744,1
tri00410,ChiCTR2000030742,1
tri00411,ChiCTR2000030741,1
tri00412,ChiCTR2000030740,1
tri00413,ChiCTR2000030739,1
tri00414,ChiCTR2000030722,1
tri00415,ChiCTR2000030721,1
tri00416,ChiCTR2000030720,1
tri00417,ChiCTR2000030719,1
tri00418,ChiCTR2000030718,1
tri00419,ChiCTR2000030717,1
tri00420,ChiCTR2000030716,1
tri00421,ChiCTR2000030708,1
tri00422,ChiCTR2000030707,1
tri00423,ChiCTR2000030706,1
tri00424,ChiCTR2000030703,1
tri00425,ChiCTR2000030702,1
tri00426,ChiCTR2000030701,1
tri00427,ChiCTR2000030700,1
tri00428,ChiCTR2000030697,1
tri00429,ChiCTR2000030690,1
tri00430,ChiCTR2000030687,1
tri00431,ChiCTR2000030686,1
tri00432,ChiCTR2000030683,1
tri00433,ChiCTR2000030681,1
tri00434,ChiCTR2000030679,1
tri00435,ChiCTR2000030619,1
tri00436,ChiCTR2000030606,1
tri00437,ChiCTR2000030597,1
tri00438,ChiCTR2000030580,1
tri00439,ChiCTR2000030558,1
tri00440,ChiCTR2000030545,1
tri00441,ChiCTR2000030528,1
tri00442,ChiCTR2000030509,1
tri00443,ChiCTR2000030483,1
tri00444,ChiCTR2000030478,1
tri00445,ChiCTR2000030476,1
tri00446,ChiCTR2000030466,1
tri00447,ChiCTR2000030417,1
tri00448,ChiCTR2000030388,1
tri00449,ChiCTR2000030381,1
tri00450,ChiCTR2000030329,1
tri00451,ChiCTR2000030306,1
tri00452,ChiCTR2000030221,1
tri00453,ChiCTR2000030187,1
tri00454,ChiCTR2000030135,1
tri00455,ChiCTR2000030114,1
tri00456,ChiCTR2000030085,1
tri00457,ChiCTR2000030082,1
tri00458,ChiCTR2000030055,1
tri00459,ChiCTR2000030031,1
tri00460,ChiCTR2000030005,1
tri00461,ChiCTR2000029984,1
tri00462,ChiCTR2000029957,1
tri00463,ChiCTR2000029895,1
tri00464,ChiCTR2000029837,1
tri00465,ChiCTR2000029826,1
tri00466,ChiCTR2000029820,1
tri00467,ChiCTR2000029818,1
tri00468,ChiCTR2000029817,1
tri00469,ChiCTR2000029816,1
tri00470,ChiCTR2000029812,1
tri00471,ChiCTR2000029770,1
tri00472,ChiCTR2000029592,1
tri00473,NCT04264533,1
tri00474,NCT04285801,1
tri00475,NCT04299724,1
tri00476,NCT04302519,1
tri00477,NCT04302688,1
tri00478,NCT04308187,1
tri00479,ChiCTR2000031163,1
tri00480,ChiCTR2000031150,1
tri00481,ChiCTR2000031140,1
tri00482,ChiCTR2000031139,1
tri00483,ChiCTR2000031138,1
tri00484,ChiCTR2000031115,1
tri00485,ChiCTR2000031104,1
tri00486,ChiCTR2000031090,1
tri00487,ChiCTR2000031089,1
tri00488,ChiCTR2000031088,1
tri00489,ChiCTR2000031023,1
tri00490,ChiCTR2000031014,1
tri00491,ChiCTR2000030996,1
tri00492,ChiCTR2000030993,1
tri00493,ChiCTR2000030992,1
tri00494,ChiCTR2000030989,1
tri00495,ChiCTR2000030986,1
tri00496,ChiCTR2000030985,1
tri00497,ChiCTR2000030961,1
tri00498,ChiCTR2000030952,1
tri00499,ChiCTR2000030951,1
tri00500,ChiCTR2000030950,1
tri00501,ChiCTR2000030947,1
tri00502,ChiCTR2000030946,1
tri00503,ChiCTR2000030944,1
tri00504,ChiCTR2000030943,1
tri00505,ChiCTR2000030942,1
tri00506,ChiCTR2000030941,1
tri00507,ChiCTR2000030939,1
tri00508,ChiCTR2000030934,1
tri00509,ChiCTR2000030933,1
tri00510,ChiCTR2000030932,1
tri00511,ChiCTR2000030931,1
tri00512,ChiCTR2000030929,1
tri00513,ChiCTR2000030922,1
tri00514,ChiCTR2000030920,1
tri00515,ChiCTR2000030919,1
tri00516,ChiCTR2000030906,1
tri00517,ChiCTR2000030771,1
tri00518,ChiCTR2000030765,1
tri00519,ChiCTR2000030539,1
tri00520,ChiCTR2000030519,1
tri00521,ChiCTR2000030254,1
tri00522,ChiCTR2000030224,1
tri00523,ChiCTR2000030168,1
tri00524,ChiCTR2000030095,1
tri00525,ChiCTR2000029955,1
tri00526,ChiCTR2000029868,1
tri00527,ChiCTR2000029830,1
tri00528,ChiCTR2000029658,1
tri00529,ChiCTR2000029573,1
tri00530,ChiCTR2000029496,1
tri00531,EUCTR2020-000890-25,1
tri00532,JPRN-UMIN000039686,1
tri00533,NCT04251767,1
tri00534,NCT04254874,1
tri00535,NCT04255017,1
tri00536,NCT04261270,1
tri00537,NCT04263402,1
tri00538,NCT04264858,1
tri00539,NCT04272710,1
tri00540,NCT04276896,1
tri00541,NCT04283396,1
tri00542,NCT04287686,1
tri00543,NCT04291053,1
tri00544,NCT04292964,1
tri00545,NCT04293692,1
tri00546,NCT04304313,1
tri00547,NCT04305574,1
tri00548,NCT04306705,1
tri00549,NCT04308317,1
tri00550,NCT04312100,1
tri00551,NCT04312464,1
tri00552,NCT04313322,1
tri00553,NCT04314271,1
tri00554,NCT04314817,1
tri00555,NCT04315870,1
tri00556,NCT04316728,1
tri00557,NCT04316884,1
tri00558,NCT04318418,1
tri00559,ChiCTR2000031366,1
tri00560,ChiCTR2000031365,1
tri00561,ChiCTR2000031361,1
tri00562,ChiCTR2000031356,1
tri00563,ChiCTR2000031337,1
tri00564,ChiCTR2000031336,1
tri00565,ChiCTR2000031330,1
tri00566,ChiCTR2000031329,1
tri00567,ChiCTR2000031328,1
tri00568,ChiCTR2000031324,1
tri00569,ChiCTR2000031319,1
tri00570,ChiCTR2000031301,1
tri00571,ChiCTR2000031296,1
tri00572,ChiCTR2000031293,1
tri00573,ChiCTR2000031272,1
tri00574,ChiCTR2000031271,1
tri00575,ChiCTR2000031252,1
tri00576,ChiCTR2000031247,1
tri00577,ChiCTR2000031246,1
tri00578,ChiCTR2000031245,1
tri00579,ChiCTR2000031244,1
tri00580,ChiCTR2000031227,1
tri00581,ChiCTR2000031214,1
tri00582,ChiCTR2000031204,1
tri00583,ChiCTR2000031203,1
tri00584,ChiCTR2000031198,1
tri00585,ChiCTR2000031196,1
tri00586,ChiCTR2000031187,1
tri00587,ChiCTR2000031176,1
tri00588,ChiCTR2000030988,1
tri00589,ChiCTR2000030962,1
tri00590,ChiCTR2000030940,1
tri00591,ChiCTR2000030938,1
tri00592,ChiCTR2000030937,1
tri00593,ChiCTR2000030936,1
tri00594,ChiCTR2000030923,1
tri00595,ChiCTR2000030817,1
tri00596,ChiCTR2000030704,1
tri00597,ChiCTR2000030330,1
tri00598,ChiCTR2000030288,1
tri00599,ChiCTR2000030256,1
tri00600,ChiCTR2000030198,1
tri00601,ChiCTR2000030028,1
tri00602,ChiCTR2000029982,1
tri00603,EUCTR2020-000919-69,1
tri00604,NCT04288713,1
tri00605,NCT04290871,1
tri00606,NCT04305106,1
tri00607,NCT04316299,1
tri00608,NCT04319211,1
tri00609,NCT04319900,1
tri00609,ChiCTR2000030987,2
tri00610,NCT04322344,1
tri00611,NCT04322786,1
tri00612,NCT04323332,1
tri00613,NCT04323514,1
tri00614,NCT04323631,1
tri00615,NCT04324866,1
tri00616,NCT04324996,1
tri00617,NCT04325412,1
tri00618,NCT04325919,1
tri00619,NCT04326309,1
tri00620,NCT04331860,1
tri00621,ISRCTN14966673,1
tri00622,ChiCTR2000031639,1
tri00623,ChiCTR2000031630,1
tri00624,ChiCTR2000031627,1
tri00625,ChiCTR2000031589,1
tri00626,ChiCTR2000031587,1
tri00627,ChiCTR2000031540,1
tri00628,ChiCTR2000031538,1
tri00629,ChiCTR2000031533,1
tri00630,ChiCTR2000031504,1
tri00631,ChiCTR2000031503,1
tri00632,ChiCTR2000031501,1
tri00633,ChiCTR2000031500,1
tri00634,ChiCTR2000031499,1
tri00635,ChiCTR2000031494,1
tri00636,ChiCTR2000031465,1
tri00637,ChiCTR2000031454,1
tri00638,ChiCTR2000031453,1
tri00639,ChiCTR2000031439,1
tri00640,ChiCTR2000031438,1
tri00641,ChiCTR2000031432,1
tri00642,ChiCTR2000031430,1
tri00643,ChiCTR2000031429,1
tri00644,ChiCTR2000031428,1
tri00645,ChiCTR2000031427,1
tri00646,ChiCTR2000031376,1
tri00647,ChiCTR2000031199,1
tri00648,EUCTR2020-001271-33,1
tri00649,EUCTR2020-001281-11,1
tri00650,EUCTR2020-001236-10,1
tri00651,EUCTR2020-001010-38,1
tri00652,ACTRN12620000421932,1
tri00653,NCT03331445,1
tri00654,NCT04275414,1
tri00655,NCT04298060,1
tri00656,NCT04320238,1
tri00657,NCT04321811,1
tri00658,NCT04323878,1
tri00659,NCT04324047,1
tri00660,NCT04324528,1
tri00661,NCT04325867,1
tri00662,NCT04326036,1
tri00663,NCT04326075,1
tri00664,NCT04326452,1
tri00665,NCT04327180,1
tri00666,NCT04327349,1
tri00666,IRCT20181104041551N1,2
tri00667,NCT04327674,1
tri00668,NCT04328272,1
tri00669,NCT04328454,1
tri00670,NCT04329507,1
tri00671,NCT04329559,1
tri00672,NCT04330144,1
tri00673,NCT04330261,1
tri00674,NCT04330521,1
tri00675,NCT04330586,1
tri00675,KCT0005105,2
tri00676,NCT04331574,1
tri00677,NCT04331613,1
tri00678,NCT04332016,1
tri00679,NCT04332666,1
tri00680,NCT04333251,1
tri00681,NCT04333472,1
tri00682,NCT04333693,1
tri00683,NCT04333862,1
tri00684,NCT04335019,1
tri00685,NCT04335201,1
tri00686,ACTRN12620000443998,1
tri00687,ACTRN12620000444987,1
tri00688,ACTRN12620000448943,1
tri00689,ACTRN12620000447954,1
tri00690,ACTRN12620000438954,1
tri00691,ACTRN12620000449932,1
tri00692,ACTRN12620000454976,1
tri00693,ChiCTR2000031860,1
tri00694,ChiCTR2000031836,1
tri00695,ChiCTR2000031834,1
tri00696,ChiCTR2000031794,1
tri00697,ChiCTR2000031783,1
tri00698,ChiCTR2000031782,1
tri00699,ChiCTR2000031781,1
tri00700,ChiCTR2000031779,1
tri00701,ChiCTR2000031772,1
tri00702,ChiCTR2000031770,1
tri00703,ChiCTR2000031752,1
tri00704,ChiCTR2000031751,1
tri00705,ChiCTR2000031735,1
tri00706,ChiCTR2000031734,1
tri00706,NCT04345276,2
tri00707,ChiCTR2000031705,1
tri00708,ChiCTR2000031700,1
tri00709,ChiCTR2000031699,1
tri00710,ChiCTR2000031675,1
tri00711,ChiCTR2000031672,1
tri00712,ChiCTR2000030750,1
tri00713,ChiCTR2000030494,1
tri00714,ChiCTR2000030331,1
tri00715,ChiCTR2000030328,1
tri00716,EUCTR2020-001301-23,1
tri00717,EUCTR2020-001335-28,1
tri00718,EUCTR2020-001381-11,1
tri00719,EUCTR2020-001442-19,1
tri00720,EUCTR2020-001385-11,1
tri00721,EUCTR2020-001409-21,1
tri00722,EUCTR2020-001333-13,1
tri00723,EUCTR2020-001492-33,1
tri00724,EUCTR2020-001194-69,1
tri00725,EUCTR2020-001565-37,1
tri00726,EUCTR2020-001421-31,1
tri00727,EUCTR2020-001606-33,1
tri00728,EUCTR2020-001307-16,1
tri00729,NCT03680274,1
tri00730,NCT04245631,1
tri00731,NCT04252274,1
tri00732,NCT04261517,1
tri00733,NCT04274322,1
tri00734,NCT04290780,1
tri00735,NCT04291729,1
tri00736,NCT04302766,1
tri00737,NCT04306055,1
tri00738,NCT04310228,1
tri00738,ChiCTR2000030894,2
tri00739,NCT04315480,1
tri00740,NCT04317092,1
tri00740,EUCTR2020-001110-38,2
tri00741,NCT04319315,1
tri00742,NCT04321265,1
tri00743,NCT04321369,1
tri00744,NCT04322773,1
tri00745,NCT04324021,1
tri00746,NCT04325672,1
tri00747,NCT04326725,1
tri00748,NCT04328012,1
tri00749,NCT04329546,1
tri00750,NCT04330300,1
tri00751,NCT04330495,1
tri00752,NCT04331106,1
tri00753,NCT04331470,1
tri00753,IRCT20200324046852N1,2
tri00754,NCT04331509,1
tri00755,NCT04331665,1
tri00756,NCT04331834,1
tri00757,NCT04332094,1
tri00758,NCT04332913,1
tri00759,NCT04333407,1
tri00760,NCT04333849,1
tri00761,NCT04333953,1
tri00762,NCT04334005,1
tri00763,NCT04334382,1
tri00764,NCT04335188,1
tri00765,NCT04335630,1
tri00766,NCT04336254,1
tri00767,NCT04336462,1
tri00768,NCT04336657,1
tri00769,NCT04336787,1
tri00770,NCT04336904,1
tri00771,NCT04337151,1
tri00772,NCT04337190,1
tri00773,NCT04337216,1
tri00774,NCT04337489,1
tri00775,NCT04337502,1
tri00776,NCT04337541,1
tri00777,NCT04337762,1
tri00778,NCT04337983,1
tri00779,NCT04338100,1
tri00780,NCT04338360,1
tri00781,NCT04338698,1
tri00782,NCT04338802,1
tri00783,NCT04338906,1
tri00784,NCT04339322,1
tri00785,NCT04339387,1
tri00786,NCT04339608,1
tri00787,NCT04339660,1
tri00788,NCT04341012,1
tri00789,NCT04341038,1
tri00789,EUCTR2020-001445-39,2
tri00790,NCT04341103,1
tri00791,NCT04341207,1
tri00792,NCT04341480,1
tri00793,NCT04341506,1
tri00794,NCT04341519,1
tri00795,NCT04341792,1
tri00796,NCT04342104,1
tri00797,NCT04342208,1
tri00798,NCT04342221,1
tri00799,NCT04343404,1
tri00800,NCT04343677,1
tri00801,NCT04344080,1
tri00802,NCT04344197,1
tri00803,ACTRN12620000468921,1
tri00804,ACTRN12620000477921,1
tri00805,ACTRN12620000472976,1
tri00806,ACTRN12620000479909,1
tri00807,ACTRN12620000470998,1
tri00808,ACTRN12620000473965,1
tri00809,ACTRN12620000474954,1
tri00810,ACTRN12620000478910,1
tri00811,ACTRN12620000480987,1
tri00812,ChiCTR2000032098,1
tri00813,ChiCTR2000032095,1
tri00814,ChiCTR2000032040,1
tri00815,ChiCTR2000032013,1
tri00816,ChiCTR2000032011,1
tri00817,ChiCTR2000032010,1
tri00818,ChiCTR2000032009,1
tri00819,ChiCTR2000031982,1
tri00820,ChiCTR2000031955,1
tri00821,ChiCTR2000031954,1
tri00822,ChiCTR2000031944,1
tri00823,ChiCTR2000031930,1
tri00824,ChiCTR2000031928,1
tri00825,ChiCTR2000031888,1
tri00826,ChiCTR2000031712,1
tri00827,ChiCTR2000030300,1
tri00828,ChiCTR2000029976,1
tri00829,ChiCTR2000029434,1
tri00830,ChiCTR2000029433,1
tri00831,EUCTR2020-001156-18,1
tri00832,EUCTR2019-002688-89,1
tri00833,EUCTR2020-001160-28,1
tri00834,EUCTR2020-001262-11,1
tri00835,EUCTR2020-001290-74,1
tri00836,EUCTR2020-001406-27,1
tri00837,EUCTR2020-001321-31,1
tri00838,EUCTR2020-001437-12,1
tri00839,EUCTR2020-001530-35,1
tri00840,EUCTR2020-001587-29,1
tri00841,EUCTR2020-001689-12,1
tri00842,EUCTR2020-001765-37,1
tri00843,EUCTR2020-001379-34,1
tri00844,EUCTR2020-001511-25,1
tri00845,EUCTR2020-001266-11,1
tri00846,EUCTR2020-001254-22,1
tri00847,IRCT20200310046736N1,1
tri00848,IRCT20151113025025N3,1
tri00849,IRCT20100228003449N30,1
tri00850,IRCT20100228003449N28,1
tri00851,IRCT20100228003449N27,1
tri00852,IRCT20200316046792N1,1
tri00853,IRCT20151227025726N12,1
tri00854,IRCT20170117032004N3,1
tri00855,IRCT20100228003449N29,1
tri00856,IRCT20200317046797N1,1
tri00857,IRCT20160625028622N1,1
tri00858,IRCT20120826010664N6,1
tri00859,IRCT20131113015393N6,1
tri00860,IRCT20140528017891N8,1
tri00861,IRCT20200321046828N1,1
tri00862,IRCT20190727044343N1,1
tri00863,IRCT20140617018126N2,1
tri00864,IRCT20150914024017N1,1
tri00865,IRCT20140911019125N6,1
tri00866,IRCT20160316027081N1,1
tri00867,IRCT20151227025726N13,1
tri00868,IRCT20160310026998N11,1
tri00869,IRCT20160310026998N10,1
tri00870,IRCT20180610040049N3,1
tri00871,IRCT20200324046847N1,1
tri00872,IRCT20140907019073N4,1
tri00873,IRCT20200324046850N5,1
tri00874,IRCT20200325046860N1,1
tri00875,IRCT20101219005416N2,1
tri00876,IRCT20200317046797N2,1
tri00877,IRCT20200325046860N2,1
tri00878,IRCT20170611034452N11,1
tri00879,IRCT20190917044805N2,1
tri00880,IRCT20120225009124N4,1
tri00881,IRCT20180802040678N4,1
tri00882,IRCT20150704023055N2,1
tri00883,IRCT20200319046819N1,1
tri00884,JPRN-JapicCTI-205238,1
tri00885,JPRN-jRCTs031190226,1
tri00886,JPRN-UMIN000039986,1
tri00887,JPRN-UMIN000040185,1
tri00888,JPRN-UMIN000040188,1
tri00889,NCT03042143,1
tri00890,NCT03891420,1
tri00891,NCT04092478,1
tri00892,NCT04252118,1
tri00893,NCT04252664,1
tri00894,NCT04257656,1
tri00895,NCT04273646,1
tri00896,NCT04276688,1
tri00897,NCT04280224,1
tri00898,NCT04299152,1
tri00899,NCT04304690,1
tri00900,NCT04315896,1
tri00901,NCT04318015,1
tri00902,NCT04320277,1
tri00903,NCT04320953,1
tri00904,NCT04321174,1
tri00905,NCT04322487,1
tri00906,NCT04323345,1
tri00907,NCT04323787,1
tri00908,NCT04324073,1
tri00909,NCT04324190,1
tri00910,NCT04324736,1
tri00911,NCT04325048,1
tri00912,NCT04325061,1
tri00912,EUCTR2020-001278-31,2
tri00913,NCT04325633,1
tri00914,NCT04326426,1
tri00915,NCT04327804,1
tri00916,NCT04329650,1
tri00916,EUCTR2020-001413-20,2
tri00917,NCT04331054,1
tri00918,NCT04331171,1
tri00919,NCT04333420,1
tri00920,NCT04333628,1
tri00921,NCT04334044,1
tri00922,NCT04334434,1
tri00923,NCT04335773,1
tri00924,NCT04336215,1
tri00925,NCT04336384,1
tri00926,NCT04338568,1
tri00927,NCT04338672,1
tri00928,NCT04339634,1
tri00929,NCT04340466,1
tri00930,NCT04341168,1
tri00931,NCT04341584,1
tri00932,NCT04342156,1
tri00933,NCT04342169,1
tri00934,NCT04342195,1
tri00935,NCT04342650,1
tri00936,NCT04343001,1
tri00937,NCT04343144,1
tri00938,NCT04343183,1
tri00939,NCT04343339,1
tri00940,NCT04343664,1
tri00941,NCT04343690,1
tri00942,NCT04343755,1
tri00943,NCT04343794,1
tri00944,NCT04343963,1
tri00945,NCT04344106,1
tri00946,NCT04344171,1
tri00947,NCT04344210,1
tri00948,NCT04344236,1
tri00949,NCT04344444,1
tri00950,NCT04344535,1
tri00951,NCT04344548,1
tri00952,NCT04344730,1
tri00953,NCT04344756,1
tri00954,NCT04344782,1
tri00955,NCT04344834,1
tri00956,NCT04344938,1
tri00957,NCT04344964,1
tri00958,NCT04345315,1
tri00959,NCT04345406,1
tri00960,NCT04345445,1
tri00961,NCT04345510,1
tri00962,NCT04345523,1
tri00963,NCT04345536,1
tri00964,NCT04345549,1
tri00965,NCT04345640,1
tri00966,NCT04345887,1
tri00967,NCT04346017,1
tri00968,NCT04346043,1
tri00969,NCT04346056,1
tri00970,NCT04346160,1
tri00971,NCT04346186,1
tri00972,NCT04346264,1
tri00973,NCT04346329,1
tri00974,NCT04346342,1
tri00975,NCT04346368,1
tri00976,NCT04346810,1
tri00977,NCT04346927,1
tri00978,NCT04346953,1
tri00979,NCT04347070,1
tri00980,NCT04347369,1
tri00981,NCT04347460,1
tri00982,NCT04347850,1
tri00983,NCT04347876,1
tri00984,NCT04347889,1
tri00985,NCT04347941,1
tri00986,NCT04347980,1
tri00987,NCT04348227,1
tri00988,NCT04348383,1
tri00989,NCT04348396,1
tri00990,NCT04348422,1
tri00991,NCT04348448,1
tri00992,NCT04348461,1
tri00993,NCT04348695,1
tri00993,EUCTR2020-001405-23,2
tri00994,NCT04348864,1
tri00995,NCT04348877,1
tri00996,NCT04349371,1
tri00997,NCT04349410,1
tri00998,NCT04349618,1
tri00999,NCT04349982,1
tri01000,NCT04350086,1
tri01001,NCT04350099,1
tri01002,NCT04350281,1
tri01003,NCT04350671,1
tri01004,NCT04350684,1
tri01005,NCT04350931,1
tri01006,NCT04351295,1
tri01007,NCT04351490,1
tri01008,NCT04351529,1
tri01009,NCT04351542,1
tri01010,NCT04351620,1
tri01011,NCT04351646,1
tri01012,NCT04351659,1
tri01013,NCT04351711,1
tri01014,NCT04351763,1
tri01015,NCT04351789,1
tri01016,NCT04351802,1
tri01017,NCT04352400,1
tri01018,NCT04352517,1
tri01019,NCT04352582,1
tri01020,NCT04352803,1
tri01021,NCT04352959,1
tri01022,NCT04353154,1
tri01023,NCT04354155,1
tri01024,NCT04354272,1
tri01025,NCT04354558,1
tri01026,NCT04354584,1
tri01027,NCT04354753,1
tri01028,NCT04354857,1
tri01029,NCT04355026,1
tri01030,NCT04355247,1
tri01031,NCT04355494,1
tri01032,NCT04355676,1
tri01033,NCT04355741,1
tri01034,NCT04356417,1
tri01035,NCT04356443,1
tri01036,NCT04356508,1
tri01037,NCT04357275,1
tri01038,NCT04357769,1
tri01039,NCT04357847,1
tri01040,ACTRN12620000417987,1
tri01041,ACTRN12620000486921,1
tri01042,ACTRN12620000457943,1
tri01043,ACTRN12620000492954,1
tri01044,ACTRN12620000482965,1
tri01045,ACTRN12620000498998,1
tri01046,ACTRN12620000493943,1
tri01047,ChiCTR2000032412,1
tri01048,ChiCTR2000032400,1
tri01049,ChiCTR2000032399,1
tri01050,ChiCTR2000032368,1
tri01051,ChiCTR2000032367,1
tri01052,ChiCTR2000032346,1
tri01053,ChiCTR2000032314,1
tri01054,ChiCTR2000032313,1
tri01055,ChiCTR2000032242,1
tri01056,ChiCTR2000032239,1
tri01057,ChiCTR2000032237,1
tri01058,ChiCTR2000032233,1
tri01059,ChiCTR2000032214,1
tri01060,ChiCTR2000032213,1
tri01061,ChiCTR2000032205,1
tri01062,ChiCTR2000032165,1
tri01063,ChiCTR2000032162,1
tri01064,ChiCTR2000032161,1
tri01065,ISRCTN18348009,1
tri01066,ISRCTN51255782,1
tri01067,ISRCTN80453162,1
tri01068,ISRCTN16912075,1
tri01069,ISRCTN13694948,1
tri01070,ISRCTN51287266,1
tri01071,EUCTR2020-001391-15,1
tri01072,EUCTR2020-001329-30,1
tri01073,EUCTR2020-001527-14,1
tri01074,EUCTR2017-001100-30,1
tri01075,EUCTR2020-001255-40,1
tri01076,EUCTR2020-001659-42,1
tri01077,EUCTR2020-001622-64,1
tri01078,EUCTR2020-001440-26,1
tri01079,EUCTR2020-001327-13,1
tri01080,EUCTR2020-001459-42,1
tri01081,EUCTR2020-001417-21,1
tri01082,EUCTR2020-001500-41,1
tri01083,NCT04256395,1
tri01084,NCT04313946,1
tri01085,NCT04318444,1
tri01086,NCT04319016,1
tri01087,NCT04319445,1
tri01088,NCT04320017,1
tri01089,NCT04320056,1
tri01090,NCT04320862,1
tri01091,NCT04323839,1
tri01092,NCT04326920,1
tri01092,EUCTR2020-001254-22,2
tri01093,NCT04327479,1
tri01094,NCT04329572,1
tri01095,NCT04330599,1
tri01096,NCT04330638,1
tri01097,NCT04331808,1
tri01098,NCT04332380,1
tri01099,NCT04332835,1
tri01100,NCT04333589,1
tri01101,NCT04334265,1
tri01102,NCT04334291,1
tri01103,NCT04334980,1
tri01104,NCT04335032,1
tri01105,NCT04335123,1
tri01106,NCT04337008,1
tri01107,NCT04338009,1
tri01108,NCT04339712,1
tri01109,NCT04341493,1
tri01110,NCT04344184,1
tri01111,NCT04344327,1
tri01112,NCT04344431,1
tri01113,NCT04345601,1
tri01114,NCT04345679,1
tri01115,NCT04346212,1
tri01116,NCT04346797,1
tri01117,NCT04347694,1
tri01118,NCT04347993,1
tri01119,NCT04348474,1
tri01120,NCT04348929,1
tri01121,NCT04349202,1
tri01122,NCT04350580,1
tri01122,EUCTR2020-001570-30,2
tri01123,NCT04351724,1
tri01124,NCT04351854,1
tri01125,NCT04352608,1
tri01126,NCT04352764,1
tri01127,NCT04352946,1
tri01128,NCT04353037,1
tri01129,NCT04353518,1
tri01130,NCT04353609,1
tri01131,NCT04354870,1
tri01132,NCT04355052,1
tri01133,NCT04355234,1
tri01134,NCT04355338,1
tri01135,NCT04355429,1
tri01136,NCT04355481,1
tri01137,NCT04355507,1
tri01138,NCT04355715,1
tri01139,NCT04355754,1
tri01140,NCT04355793,1
tri01141,NCT04355884,1
tri01142,NCT04355962,1
tri01143,NCT04356365,1
tri01144,NCT04356560,1
tri01145,NCT04356586,1
tri01146,NCT04356677,1
tri01147,NCT04357106,1
tri01148,NCT04357327,1
tri01149,NCT04357366,1
tri01150,NCT04357418,1
tri01151,NCT04357496,1
tri01152,NCT04357574,1
tri01153,NCT04357613,1
tri01154,NCT04357782,1
tri01155,NCT04357808,1
tri01155,EUCTR2020-001634-36,2
tri01156,NCT04357834,1
tri01157,NCT04357860,1
tri01158,NCT04357886,1
tri01159,NCT04358042,1
tri01160,NCT04358211,1
tri01161,NCT04358406,1
tri01162,NCT04358510,1
tri01163,NCT04358536,1
tri01164,NCT04358614,1
tri01165,NCT04358627,1
tri01166,NCT04358640,1
tri01167,NCT04358809,1
tri01168,NCT04359095,1
tri01169,NCT04359251,1
tri01170,NCT04359290,1
tri01171,NCT04359316,1
tri01172,NCT04359329,1
tri01173,NCT04359459,1
tri01174,NCT04359615,1
tri01175,NCT04359836,1
tri01176,NCT04359849,1
tri01177,NCT04359875,1
tri01178,NCT04359914,1
tri01179,NCT04359953,1
tri01180,NCT04359992,1
tri01181,NCT04360096,1
tri01182,NCT04360356,1
tri01183,NCT04360486,1
tri01184,NCT04360538,1
tri01185,NCT04360551,1
tri01186,NCT04360733,1
tri01187,NCT04360759,1
tri01188,NCT04360811,1
tri01189,NCT04360850,1
tri01190,NCT04360863,1
tri01191,NCT04360876,1
tri01192,NCT04360954,1
tri01193,NCT04360980,1
tri01194,NCT04361019,1
tri01195,NCT04361318,1
tri01196,NCT04361422,1
tri01197,NCT04361435,1
tri01198,NCT04361448,1
tri01199,NCT04361461,1
tri01200,NCT04361500,1
tri01201,NCT04361526,1
tri01202,NCT04361591,1
tri01203,NCT04361604,1
tri01204,NCT04361786,1
tri01205,NCT04361903,1
tri01206,NCT04361916,1
tri01207,NCT04361981,1
tri01208,NCT04362111,1
tri01209,NCT04362124,1
tri01210,NCT04362358,1
tri01211,NCT04362943,1
tri01212,NCT04362956,1
tri01213,NCT04363099,1
tri01214,NCT04363268,1
tri01215,NCT04363372,1
tri01216,NCT04363489,1
tri01217,NCT04363528,1
tri01218,NCT04363541,1
tri01219,NCT04363671,1
tri01220,NCT04363749,1
tri01221,NCT04363788,1
tri01222,NCT04363840,1
tri01223,NCT04363866,1
tri01224,NCT04364022,1
tri01225,NCT04364711,1
tri01226,NCT04364984,1
tri01227,NCT04365127,1
tri01228,NCT04365439,1
tri01229,NCT04365634,1
tri01230,NCT04365699,1
tri01231,NCT04365738,1
tri01232,NCT04365881,1
tri01233,NCT04365959,1
tri01234,NCT04366050,1
tri01235,NCT04366830,1
tri01236,NCT04372069,1
tri01237,ACTRN12620000512921,1
tri01238,ACTRN12620000516987,1
tri01239,ACTRN12620000517976,1
tri01240,ACTRN12620000527965,1
tri01241,ISRCTN13311119,1
tri01242,ISRCTN17898730,1
tri01243,ISRCTN83971151,1
tri01244,ChiCTR2000032632,1
tri01245,ChiCTR2000032574,1
tri01246,ChiCTR2000032573,1
tri01247,ChiCTR2000032527,1
tri01248,ChiCTR2000032514,1
tri01249,ChiCTR2000032487,1
tri01250,ChiCTR2000032480,1
tri01251,ChiCTR2000032478,1
tri01252,ChiCTR2000032476,1
tri01253,ChiCTR2000032461,1
tri01254,ChiCTR2000032460,1
tri01255,ChiCTR2000032459,1
tri01256,ChiCTR2000032458,1
tri01257,ChiCTR2000032457,1
tri01258,ChiCTR2000032456,1
tri01259,ChiCTR2000032455,1
tri01260,ChiCTR2000032135,1
tri01261,ChiCTR2000031896,1
tri01262,ChiCTR2000031327,1
tri01263,ChiCTR2000031174,1
tri01264,EUCTR2020-001723-13,1
tri01265,EUCTR2020-001198-55,1
tri01266,EUCTR2020-001686-36,1
tri01267,EUCTR2020-001823-15,1
tri01268,EUCTR2020-001722-66,1
tri01269,EUCTR2020-001505-22,1
tri01270,EUCTR2020-001717-20,1
tri01271,EUCTR2020-001541-39,1
tri01272,EUCTR2020-001618-39,1
tri01273,EUCTR2020-001408-41,1
tri01274,EUCTR2020-001345-38,1
tri01275,NCT04273763,1
tri01276,NCT04318301,1
tri01277,NCT04321096,1
tri01278,NCT04328441,1
tri01279,NCT04328480,1
tri01280,NCT04329923,1
tri01281,NCT04334928,1
tri01282,NCT04335071,1
tri01283,NCT04338958,1
tri01283,EUCTR2020-001481-11,2
tri01284,NCT04344249,1
tri01285,NCT04344457,1
tri01286,NCT04345848,1
tri01287,NCT04347226,1
tri01288,NCT04348435,1
tri01289,NCT04349631,1
tri01290,NCT04351191,1
tri01291,NCT04352465,1
tri01292,NCT04353271,1
tri01293,NCT04355611,1
tri01294,NCT04356833,1
tri01295,NCT04356950,1
tri01296,NCT04358939,1
tri01297,NCT04359225,1
tri01298,NCT04359654,1
tri01299,NCT04359706,1
tri01300,NCT04359797,1
tri01301,NCT04359810,1
tri01302,NCT04361123,1
tri01303,NCT04361643,1
tri01304,NCT04361877,1
tri01305,NCT04361942,1
tri01305,EUCTR2020-001682-36,2
tri01306,NCT04362176,1
tri01307,NCT04362267,1
tri01308,NCT04362345,1
tri01309,NCT04363034,1
tri01310,NCT04363047,1
tri01311,NCT04363060,1
tri01312,NCT04363450,1
tri01313,NCT04364828,1
tri01314,NCT04365231,1
tri01315,NCT04365309,1
tri01316,NCT04365530,1
tri01317,NCT04365608,1
tri01318,NCT04365816,1
tri01319,NCT04366024,1
tri01320,NCT04366063,1
tri01320,IRCT20200217046526N2,2
tri01321,NCT04366089,1
tri01322,NCT04366154,1
tri01323,NCT04366167,1
tri01324,NCT04366180,1
tri01325,NCT04366206,1
tri01326,NCT04366297,1
tri01327,NCT04366739,1
tri01328,NCT04366752,1
tri01329,NCT04366817,1
tri01330,NCT04366856,1
tri01331,NCT04366882,1
tri01332,NCT04366908,1
tri01333,NCT04366921,1
tri01334,NCT04366947,1
tri01335,NCT04367064,1
tri01336,NCT04367129,1
tri01337,NCT04367142,1
tri01338,NCT04367350,1
tri01339,NCT04367363,1
tri01340,NCT04367402,1
tri01341,NCT04367636,1
tri01342,NCT04367714,1
tri01343,NCT04367792,1
tri01344,NCT04367805,1
tri01345,NCT04367857,1
tri01346,NCT04367896,1
tri01347,NCT04368013,1
tri01348,NCT04368065,1
tri01349,NCT04368143,1
tri01350,NCT04368156,1
tri01351,NCT04368208,1
tri01352,NCT04368234,1
tri01353,NCT04368260,1
tri01354,NCT04368299,1
tri01355,NCT04368312,1
tri01356,NCT04368338,1
tri01357,NCT04368351,1
tri01358,NCT04368377,1
tri01359,NCT04368390,1
tri01360,NCT04368676,1
tri01361,NCT04368884,1
tri01362,NCT04368975,1
tri01363,NCT04369274,1
tri01364,NCT04369300,1
tri01365,NCT04369365,1
tri01366,NCT04369378,1
tri01367,NCT04369469,1
tri01368,NCT04369690,1
tri01369,NCT04369794,1
tri01370,NCT04369807,1
tri01371,NCT04369989,1
tri01372,NCT04370197,1
tri01373,NCT04370249,1
tri01374,NCT04370275,1
tri01375,NCT04370938,1
tri01376,NCT04371289,1
tri01377,NCT04371315,1
tri01378,NCT04371523,1
tri01379,NCT04371692,1
tri01380,NCT04372043,1
tri01381,NCT04372199,1
tri01382,NCT04372368,1
tri01383,ACTRN12620000487910,1
tri01384,ACTRN12620000524998,1
tri01385,ChiCTR2000032770,1
tri01386,ChiCTR2000032769,1
tri01387,ChiCTR2000032768,1
tri01388,ChiCTR2000032767,1
tri01389,ChiCTR2000032743,1
tri01390,ChiCTR2000032737,1
tri01391,ChiCTR2000032717,1
tri01392,ChiCTR2000032716,1
tri01393,ChiCTR2000032686,1
tri01394,ChiCTR2000032666,1
tri01395,ChiCTR2000032635,1
tri01396,ISRCTN68026880,1
tri01397,EUCTR2020-001700-42,1
tri01398,EUCTR2020-001635-27,1
tri01399,EUCTR2020-001766-11,1
tri01400,EUCTR2020-001370-30,1
tri01401,EUCTR2020-001709-21,1
tri01402,EUCTR2020-001768-27,1
tri01403,EUCTR2020-001598-66,1
tri01404,EUCTR2020-001786-36,1
tri01405,EUCTR2020-001632-10,1
tri01406,EUCTR2020-001783-28,1
tri01407,EUCTR2020-000705-86,1
tri01408,EUCTR2020-001891-14,1
tri01409,EUCTR2020-001825-29,1
tri01410,EUCTR2020-002032-69,1
tri01411,EUCTR2020-001697-30,1
tri01412,EUCTR2020-001603-16,1
tri01413,EUCTR2020-001375-32,1
tri01414,EUCTR2020-001994-66,1
tri01415,EUCTR2020-001934-37,1
tri01416,EUCTR2020-002123-11,1
tri01417,EUCTR2020-001474-29,1
tri01418,EUCTR2020-001953-36,1
tri01419,NCT04324489,1
tri01420,NCT04333550,1
tri01421,NCT04337047,1
tri01422,NCT04337359,1
tri01423,NCT04342702,1
tri01424,NCT04343768,1
tri01425,NCT04345614,1
tri01426,NCT04346667,1
tri01427,NCT04350320,1
tri01428,NCT04354597,1
tri01429,NCT04354701,1
tri01430,NCT04354766,1
tri01431,NCT04358926,1
tri01432,NCT04359212,1
tri01433,NCT04359602,1
tri01434,NCT04360122,1
tri01435,NCT04361032,1
tri01436,NCT04364815,1
tri01437,NCT04366765,1
tri01438,NCT04369456,1
tri01439,NCT04369820,1
tri01440,NCT04369859,1
tri01441,NCT04370171,1
tri01442,NCT04370288,1
tri01443,NCT04371302,1
tri01444,NCT04371367,1
tri01445,NCT04371406,1
tri01446,NCT04371510,1
tri01447,NCT04371562,1
tri01448,NCT04371601,1
tri01449,NCT04371679,1
tri01450,NCT04371835,1
tri01451,NCT04371848,1
tri01452,NCT04371965,1
tri01453,NCT04371978,1
tri01454,NCT04372030,1
tri01455,NCT04372082,1
tri01456,NCT04372472,1
tri01457,NCT04372576,1
tri01458,NCT04372602,1
tri01459,NCT04372680,1
tri01460,NCT04372693,1
tri01461,NCT04373005,1
tri01462,NCT04373109,1
tri01463,NCT04373148,1
tri01464,NCT04373213,1
tri01465,NCT04373291,1
tri01466,NCT04373382,1
tri01467,NCT04373486,1
tri01468,NCT04373824,1
tri01469,NCT04374058,1
tri01470,NCT04374071,1
tri01471,NCT04374123,1
tri01472,NCT04374149,1
tri01473,NCT04374422,1
tri01474,NCT04374474,1
tri01475,NCT04374487,1
tri01476,NCT04374539,1
tri01477,NCT04374552,1
tri01478,NCT04374695,1
tri01479,NCT04374903,1
tri01480,NCT04375176,1
tri01481,NCT04375202,1
tri01481,EUCTR2020-001475-33,2
tri01482,NCT04251871,1
tri01483,NCT04280705,1
tri01483,EUCTR2020-001052-18,2
tri01483,JPRN-jRCT2031190264,3
tri01484,NCT04322513,1
tri01485,NCT04326790,1
tri01485,EUCTR2020-001455-40,2
tri01486,NCT04333225,1
tri01487,NCT04333355,1
tri01488,NCT04333732,1
tri01489,NCT04336332,1
tri01490,NCT04336774,1
tri01491,NCT04340232,1
tri01492,NCT04341441,1
tri01493,NCT04341870,1
tri01494,NCT04342806,1
tri01495,NCT04343898,1
tri01496,NCT04343989,1
tri01497,NCT04344041,1
tri01498,NCT04346082,1
tri01499,NCT04348071,1
tri01500,NCT04349098,1
tri01501,NCT04351906,1
tri01502,NCT04353141,1
tri01503,NCT04353583,1
tri01504,NCT04354610,1
tri01505,NCT04355637,1
tri01506,NCT04356885,1
tri01507,NCT04357314,1
tri01508,NCT04357990,1
tri01509,NCT04359121,1
tri01510,NCT04359927,1
tri01511,NCT04362969,1
tri01512,NCT04363008,1
tri01513,NCT04363216,1
tri01514,NCT04363437,1
tri01515,NCT04363593,1
tri01516,NCT04365972,1
tri01517,NCT04366934,1
tri01518,NCT04367207,1
tri01519,NCT04368637,1
tri01520,NCT04370015,1
tri01521,NCT04370678,1
tri01522,NCT04371250,1
tri01523,NCT04371640,1
tri01524,NCT04372004,1
tri01525,NCT04373161,1
tri01526,NCT04373889,1
tri01527,NCT04374019,1
tri01528,NCT04374032,1
tri01529,NCT04374045,1
tri01530,NCT04374097,1
tri01531,NCT04374110,1
tri01532,NCT04374279,1
tri01533,NCT04374370,1
tri01534,NCT04374617,1
tri01535,NCT04374838,1
tri01536,NCT04374942,1
tri01537,NCT04375137,1
tri01538,NCT04375644,1
tri01539,NCT04375748,1
tri01540,NCT04375774,1
tri01541,NCT04376398,1
tri01542,NCT04376515,1
tri01543,NCT04376593,1
tri01544,NCT04376710,1
tri01545,NCT04376788,1
tri01546,NCT04376853,1
tri01547,NCT04376905,1
tri01548,NCT04376944,1
tri01549,NCT04376996,1
tri01550,NCT04377035,1
tri01551,NCT04377074,1
tri01552,NCT04377308,1
tri01553,NCT04377412,1
tri01554,NCT04377425,1
tri01555,NCT04377464,1
tri01556,NCT04377477,1
tri01557,NCT04377503,1
tri01558,NCT04377581,1
tri01559,NCT04377646,1
tri01560,NCT04377750,1
tri01561,NCT04377763,1
tri01562,NCT04377802,1
tri01563,NCT04377815,1
tri01564,NCT04377997,1
tri01565,NCT04378244,1
tri01566,NCT04378257,1
tri01567,NCT04378452,1
tri01568,NCT04378595,1
tri01569,NCT04378829,1
tri01570,NCT04378881,1
tri01571,NCT04379037,1
tri01572,NCT04379089,1
tri01573,NCT04379154,1
tri01574,NCT04379232,1
tri01575,NCT04379245,1
tri01576,NCT04379297,1
tri01577,NCT04379336,1
tri01578,NCT04379440,1
tri01579,NCT04379466,1
tri01580,NCT04379479,1
tri01581,NCT04379518,1
tri01582,NCT04379661,1
tri01583,NCT04380519,1
tri01584,NCT04380870,1
tri01585,NCT04380948,1
tri01586,ISRCTN87832712,1
tri01587,ISRCTN20867558,1
tri01588,ISRCTN97041334,1
tri01589,ISRCTN10666798,1
tri01590,ChiCTR2000033003,1
tri01591,ChiCTR2000032919,1
tri01592,ChiCTR2000032915,1
tri01593,ChiCTR2000032895,1
tri01594,ChiCTR2000032884,1
tri01595,ChiCTR2000032842,1
tri01596,ChiCTR2000030262,1
tri01597,ChiCTR2000029638,1
tri01598,ChiCTR2000029605,1
tri01599,ACTRN12620000555954,1
tri01600,ACTRN12620000554965,1
tri01601,ACTRN12620000557932,1
tri01602,ACTRN12620000566932,1
tri01603,IRCT20200314046764N1,1
tri01604,IRCT20150303021315N17,1
tri01605,IRCT20200312046749N1,1
tri01606,IRCT20190727044343N2,1
tri01607,IRCT20171122037571N2,1
tri01608,IRCT20200324046850N2,1
tri01609,IRCT20200323046841N1,1
tri01610,IRCT20200322046833N1,1
tri01611,IRCT20160131026298N2,1
tri01612,IRCT20190804044429N1,1
tri01613,IRCT20160313027033N2,1
tri01614,IRCT20200204046369N1,1
tri01615,IRCT20180712040449N2,1
tri01616,IRCT20130812014333N145,1
tri01617,IRCT20200325046859N1,1
tri01618,IRCT20161204031229N3,1
tri01619,IRCT20151228025732N51,1
tri01620,IRCT20130917014693N10,1
tri01621,IRCT20180610040049N4,1
tri01622,IRCT20130812014333N147,1
tri01623,IRCT20081019001369N2,1
tri01624,IRCT20200402046923N1,1
tri01625,IRCT20200328046886N1,1
tri01626,IRCT20131215015805N2,1
tri01627,IRCT20200404046933N1,1
tri01628,IRCT20200404046937N1,1
tri01629,IRCT20080901001157N16,1
tri01630,IRCT20200404046934N1,1
tri01631,IRCT20200403046926N1,1
tri01632,IRCT20151228025732N53,1
tri01633,IRCT20130306012728N8,1
tri01634,IRCT20180429039463N2,1
tri01635,IRCT20200404046935N1,1
tri01636,IRCT20151227025726N14,1
tri01637,IRCT20200405046958N1,1
tri01638,IRCT20200406046965N1,1
tri01639,IRCT20200405046960N1,1
tri01640,IRCT20200318046812N2,1
tri01641,IRCT20200317046797N4,1
tri01642,IRCT20200404046948N1,1
tri01643,IRCT20180520039738N2,1
tri01644,IRCT20081019001369N4,1
tri01645,IRCT20081019001369N3,1
tri01646,IRCT20200408046992N1,1
tri01647,IRCT20200408046987N1,1
tri01648,IRCT20180129038542N1,1
tri01649,IRCT20200317046797N3,1
tri01650,IRCT20200317046797N5,1
tri01651,IRCT20200404046937N2,1
tri01652,IRCT20180923041093N5,1
tri01653,IRCT20160131026298N3,1
tri01654,IRCT20200406046968N1,1
tri01655,IRCT20150808023559N20,1
tri01656,IRCT20130616013690N7,1
tri01657,IRCT20200410047009N1,1
tri01658,IRCT20200409047007N1,1
tri01659,IRCT20200408046990N1,1
tri01660,IRCT20200411047025N1,1
tri01661,IRCT20080901001165N46,1
tri01662,IRCT20200406046963N1,1
tri01663,IRCT20190122042450N4,1
tri01664,IRCT20200411047030N1,1
tri01665,IRCT20200406046968N2,1
tri01666,IRCT20200413047053N1,1
tri01667,IRCT20081019001369N5,1
tri01668,IRCT20200408046988N1,1
tri01669,IRCT20200413047062N1,1
tri01670,IRCT20191125045492N2,1
tri01671,IRCT20200406046968N3,1
tri01672,IRCT20200413047063N1,1
tri01673,IRCT20200413047052N1,1
tri01674,IRCT20200414047072N1,1
tri01675,IRCT20200414047070N1,1
tri01676,IRCT20170210032478N3,1
tri01677,IRCT20200415047082N1,1
tri01678,IRCT20200413047056N1,1
tri01679,IRCT20200418047116N1,1
tri01680,IRCT20200415047089N1,1
tri01681,IRCT20200415047092N1,1
tri01682,IRCT20200416047104N1,1
tri01683,IRCT20200417047113N1,1
tri01684,IRCT20200416047099N1,1
tri01685,IRCT20200418047122N1,1
tri01686,IRCT20200418047121N2,1
tri01687,IRCT20140407017169N2,1
tri01688,IRCT20200329046892N1,1
tri01689,IRCT20080901001165N48,1
tri01690,IRCT20151222025660N2,1
tri01691,IRCT20200420047147N1,1
tri01692,IRCT20200421047155N1,1
tri01693,IRCT20080901001165N49,1
tri01694,IRCT20200422047168N1,1
tri01695,IRCT20200408046990N2,1
tri01696,IRCT20180114038350N3,1
tri01697,IRCT20200426047206N1,1
tri01698,IRCT20120215009014N353,1
tri01699,IRCT20140305016852N4,1
tri01700,IRCT20180425039414N2,1
tri01701,IRCT20200427047215N1,1
tri01702,IRCT20121216011763N46,1
tri01703,IRCT20200426047212N1,1
tri01704,IRCT20080901001165N50,1
tri01705,IRCT20080901001165N51,1
tri01706,IRCT20200418047121N1,1
tri01707,IRCT20150808023559N21,1
tri01708,IRCT20200501047258N1,1
tri01709,IRCT20131129015584N2,1
tri01710,IRCT20080901001165N52,1
tri01711,IRCT20160706028815N5,1
tri01712,IRCT20171213037866N2,1
tri01713,IRCT20200326046868N1,1
tri01714,IRCT20200508047346N1,1
tri01715,IRCT20120215009014N354,1
tri01716,KCT0005005,1
tri01717,KCT0005003,1
tri01718,JPRN-UMIN000039873,1
tri01719,JPRN-UMIN000040162,1
tri01720,JPRN-UMIN000040193,1
tri01721,JPRN-UMIN000040211,1
tri01722,JPRN-UMIN000040235,1
tri01723,JPRN-UMIN000040250,1
tri01724,JPRN-UMIN000040278,1
tri01725,JPRN-UMIN000040286,1
tri01726,JPRN-UMIN000040289,1
tri01727,JPRN-UMIN000040295,1
tri01728,JPRN-UMIN000040335,1
tri01729,JPRN-UMIN000040401,1
tri01730,CTRI/2020/03/024402,1
tri01731,CTRI/2020/04/024442,1
tri01732,CTRI/2020/04/024413,1
tri01733,CTRI/2020/04/024473,1
tri01734,CTRI/2020/04/024479,1
tri01735,CTRI/2020/04/024636,1
tri01736,CTRI/2020/04/024659,1
tri01737,CTRI/2020/04/024697,1
tri01738,CTRI/2020/04/024731,1
tri01739,CTRI/2020/04/024729,1
tri01740,CTRI/2020/04/024772,1
tri01741,CTRI/2020/04/024747,1
tri01742,CTRI/2020/04/024775,1
tri01743,CTRI/2020/04/024749,1
tri01744,CTRI/2020/04/024806,1
tri01745,CTRI/2020/04/024804,1
tri01746,CTRI/2020/04/024776,1
tri01747,CTRI/2020/04/024784,1
tri01748,CTRI/2020/04/024805,1
tri01749,CTRI/2020/04/024833,1
tri01750,CTRI/2020/04/024846,1
tri01751,CTRI/2020/04/024857,1
tri01752,CTRI/2020/04/024859,1
tri01753,CTRI/2020/04/024858,1
tri01754,CTRI/2020/04/024882,1
tri01755,CTRI/2020/04/024904,1
tri01756,CTRI/2020/04/024883,1
tri01757,CTRI/2020/04/024914,1
tri01758,CTRI/2020/04/024915,1
tri01759,CTRI/2020/04/024948,1
tri01760,CTRI/2020/04/024949,1
tri01761,CTRI/2020/04/024947,1
tri01762,CTRI/2020/05/024967,1
tri01763,CTRI/2020/05/024959,1
tri01764,CTRI/2020/05/024969,1
tri01765,CTRI/2020/05/024962,1
tri01766,CTRI/2020/05/024981,1
tri01767,CTRI/2020/05/024982,1
tri01768,CTRI/2020/05/024983,1
tri01769,CTRI/2020/05/024984,1
tri01770,CTRI/2020/05/025010,1
tri01771,CTRI/2020/05/024989,1
tri01772,CTRI/2020/05/024986,1
tri01773,CTRI/2020/05/025013,1
tri01774,CTRI/2020/05/025022,1
tri01775,CTRI/2020/05/025067,1
tri01776,CTRI/2020/05/025041,1
tri01777,CTRI/2020/05/025049,1
tri01778,CTRI/2020/05/025069,1
tri01779,CTRI/2020/05/025070,1
tri01780,CTRI/2020/05/025068,1
tri01781,CTRI/2020/05/025071,1
tri01782,CTRI/2020/05/025088,1
tri01783,CTRI/2020/05/025089,1
tri01784,CTRI/2020/05/025093,1
tri01785,CTRI/2020/05/025092,1
tri01786,CTRI/2020/05/025091,1
tri01787,CTRI/2020/05/025114,1
tri01788,CTRI/2020/05/025156,1
tri01789,CTRI/2020/05/025162,1
tri01790,CTRI/2020/05/025161,1
tri01791,CTRI/2020/05/025166,1
tri01792,CTRI/2020/05/025178,1
tri01793,CTRI/2020/05/025167,1
tri01794,CTRI/2020/05/025171,1
tri01795,NCT04273321,1
tri01796,NCT04278963,1
tri01797,NCT04310865,1
tri01798,NCT04322396,1
tri01799,NCT04334512,1
tri01800,NCT04335084,1
tri01801,NCT04340219,1
tri01802,NCT04340544,1
tri01803,NCT04344015,1
tri01804,NCT04346147,1
tri01805,NCT04346199,1
tri01806,NCT04347915,1
tri01807,NCT04353323,1
tri01808,NCT04354389,1
tri01809,NCT04355871,1
tri01810,NCT04356690,1
tri01811,NCT04365985,1
tri01812,NCT04366271,1
tri01813,NCT04370821,1
tri01814,NCT04372056,1
tri01815,NCT04373135,1
tri01816,NCT04375046,1
tri01817,NCT04375709,1
tri01818,NCT04376476,1
tri01819,NCT04377490,1
tri01820,NCT04377607,1
tri01821,NCT04378686,1
tri01822,NCT04379271,1
tri01823,NCT04379453,1
tri01824,NCT04379492,1
tri01825,NCT04379544,1
tri01826,NCT04380376,1
tri01827,NCT04380688,1
tri01828,NCT04380714,1
tri01829,NCT04380727,1
tri01830,NCT04380766,1
tri01831,NCT04380779,1
tri01832,NCT04380792,1
tri01833,NCT04380909,1
tri01834,NCT04380935,1
tri01835,NCT04380987,1
tri01836,NCT04381000,1
tri01837,NCT04381052,1
tri01838,NCT04381273,1
tri01839,NCT04381286,1
tri01840,NCT04381312,1
tri01841,NCT04381338,1
tri01842,NCT04381364,1
tri01843,NCT04381377,1
tri01844,NCT04381819,1
tri01845,NCT04381858,1
tri01846,NCT04381871,1
tri01847,NCT04382092,1
tri01848,NCT04382131,1
tri01849,NCT04382196,1
tri01850,NCT04382235,1
tri01851,NCT04382469,1
tri01852,NCT04382534,1
tri01853,NCT04382560,1
tri01854,NCT04382625,1
tri01855,NCT04382729,1
tri01856,NCT04382755,1
tri01857,NCT04382781,1
tri01858,NCT04382846,1
tri01859,NCT04382924,1
tri01860,NCT04383002,1
tri01861,NCT04383574,1
tri01862,NCT04383587,1
tri01863,NCT04383626,1
tri01864,NCT04383652,1
tri01865,NCT04383886,1
tri01866,NCT04384029,1
tri01867,NCT04384250,1
tri01868,NCT04384380,1
tri01869,NCT04384419,1
tri01870,NCT04384471,1
tri01871,NCT04384549,1
tri01872,NCT04384588,1
tri01873,NCT04385212,1
tri01874,NCT04385576,1
tri01875,NCT04278404,1
tri01876,NCT04307459,1
tri01877,NCT04311398,1
tri01878,NCT04323644,1
tri01879,NCT04324684,1
tri01880,NCT04328961,1
tri01881,NCT04331886,1
tri01882,NCT04334148,1
tri01883,NCT04335097,1
tri01884,NCT04335162,1
tri01885,NCT04339998,1
tri01886,NCT04340050,1
tri01887,NCT04340349,1
tri01888,NCT04341415,1
tri01889,NCT04342728,1
tri01890,NCT04344002,1
tri01891,NCT04344119,1
tri01892,NCT04345159,1
tri01893,NCT04347538,1
tri01894,NCT04350476,1
tri01895,NCT04352348,1
tri01896,NCT04352751,1
tri01897,NCT04352933,1
tri01898,NCT04353206,1
tri01899,NCT04354259,1
tri01900,NCT04354831,1
tri01901,NCT04355624,1
tri01902,NCT04357431,1
tri01903,NCT04357457,1
tri01904,NCT04358029,1
tri01905,NCT04361565,1
tri01906,NCT04362085,1
tri01907,NCT04362930,1
tri01908,NCT04363333,1
tri01909,NCT04364009,1
tri01910,NCT04364698,1
tri01911,NCT04364802,1
tri01912,NCT04365166,1
tri01913,NCT04365257,1
tri01914,NCT04365335,1
tri01915,NCT04365517,1
tri01916,NCT04365725,1
tri01917,NCT04367077,1
tri01918,NCT04368221,1
tri01919,NCT04378712,1
tri01920,NCT04378777,1
tri01921,NCT04378920,1
tri01922,NCT04379076,1
tri01923,NCT04379258,1
tri01924,NCT04380896,1
tri01925,NCT04381988,1
tri01926,NCT04382391,1
tri01927,NCT04383470,1
tri01928,NCT04384042,1
tri01929,NCT04384614,1
tri01930,NCT04384731,1
tri01931,NCT04384887,1
tri01932,NCT04384900,1
tri01933,NCT04384926,1
tri01934,NCT04385017,1
tri01935,NCT04385043,1
tri01936,NCT04385069,1
tri01937,NCT04385095,1
tri01938,NCT04385108,1
tri01939,NCT04385121,1
tri01940,NCT04385199,1
tri01941,NCT04385264,1
tri01942,NCT04385771,1
tri01943,NCT04385797,1
tri01944,NCT04385823,1
tri01945,NCT04385914,1
tri01946,NCT04386044,1
tri01947,NCT04386070,1
tri01948,NCT04386083,1
tri01949,NCT04386109,1
tri01950,NCT04386239,1
tri01951,NCT04386395,1
tri01952,NCT04386460,1
tri01953,NCT04386512,1
tri01954,NCT04386551,1
tri01955,NCT04386564,1
tri01956,NCT04386759,1
tri01957,NCT04387279,1
tri01958,NCT04387292,1
tri01959,NCT04387643,1
tri01960,NCT04387786,1
tri01961,NCT04387929,1
tri01962,NCT04387955,1
tri01963,NCT04387968,1
tri01964,NCT04388410,1
tri01965,NCT04388579,1
tri01966,NCT04388605,1
tri01967,NCT04388644,1
tri01968,NCT04388657,1
tri01969,NCT04388670,1
tri01970,NCT04389294,1
tri01971,NCT04389320,1
tri01972,NCT04389359,1
tri01973,NCT04389671,1
tri01974,NCT04390139,1
tri01975,NCT04390165,1
tri01976,NCT04390178,1
tri01977,NCT04390191,1
tri01978,NCT04394039,1
tri01979,ACTRN12620000445976,1
tri01980,ACTRN12620000580976,1
tri01981,ACTRN12620000588998,1
tri01982,ACTRN12620000571976,1
tri01983,ACTRN12620000575932,1
tri01984,ACTRN12620000579998,1
tri01985,ACTRN12620000590965,1
tri01986,ISRCTN40580903,1
tri01987,ISRCTN85216856,1
tri01988,ISRCTN44152751,1
tri01989,ChiCTR2000033200,1
tri01990,ChiCTR2000033198,1
tri01991,ChiCTR2000033197,1
tri01992,ChiCTR2000033190,1
tri01993,ChiCTR2000033186,1
tri01994,ChiCTR2000033133,1
tri01995,ChiCTR2000033108,1
tri01996,ChiCTR2000033107,1
tri01997,ChiCTR2000033105,1
tri01998,ChiCTR2000033104,1
tri01999,ChiCTR2000033057,1
tri02000,ChiCTR2000033056,1
tri02001,ChiCTR2000033055,1
tri02002,ChiCTR2000033054,1
tri02003,ChiCTR2000033053,1
tri02004,ChiCTR2000033052,1
tri02005,ChiCTR2000033050,1
tri02006,ChiCTR2000033049,1
tri02007,EUCTR2020-001805-21,1
tri02008,EUCTR2020-001614-38,1
tri02009,EUCTR2020-001770-30,1
tri02010,EUCTR2020-001995-13,1
tri02011,EUCTR2020-002274-28,1
tri02012,EUCTR2020-001704-42,1
tri02013,NCT04275388,1
tri02014,NCT04313127,1
tri02015,NCT04321993,1
tri02016,NCT04322565,1
tri02016,EUCTR2020-001258-23,2
tri02017,NCT04325893,1
tri02018,NCT04326387,1
tri02019,NCT04328129,1
tri02020,NCT04334252,1
tri02021,NCT04338932,1
tri02022,NCT04340921,1
tri02023,NCT04341389,1
tri02024,NCT04341935,1
tri02025,NCT04342182,1
tri02026,NCT04352699,1
tri02027,NCT04352842,1
tri02028,NCT04358783,1
tri02029,NCT04359537,1
tri02030,NCT04361253,1
tri02031,NCT04363346,1
tri02032,NCT04363502,1
tri02033,NCT04366960,1
tri02033,EUCTR2020-001708-41,2
tri02034,NCT04367831,1
tri02035,NCT04370782,1
tri02036,NCT04370808,1
tri02037,NCT04371952,1
tri02038,NCT04372979,1
tri02039,NCT04374513,1
tri02040,NCT04375124,1
tri02041,NCT04377685,1
tri02042,NCT04377724,1
tri02043,NCT04377789,1
tri02044,NCT04388436,1
tri02045,NCT04388631,1
tri02046,NCT04388683,1
tri02047,NCT04389333,1
tri02048,NCT04389372,1
tri02049,NCT04389385,1
tri02050,NCT04389463,1
tri02051,NCT04389645,1
tri02052,NCT04389658,1
tri02053,NCT04389684,1
tri02054,NCT04389801,1
tri02055,NCT04389944,1
tri02056,NCT04390061,1
tri02057,NCT04390152,1
tri02058,NCT04390217,1
tri02059,NCT04390269,1
tri02060,NCT04390412,1
tri02061,NCT04390464,1
tri02062,NCT04390477,1
tri02063,NCT04390503,1
tri02064,NCT04390555,1
tri02065,NCT04391400,1
tri02066,NCT04391686,1
tri02067,NCT04391712,1
tri02068,NCT04391829,1
tri02069,NCT04391881,1
tri02070,NCT04391920,1
tri02071,NCT04391946,1
tri02072,NCT04392089,1
tri02073,NCT04392141,1
tri02074,NCT04392245,1
tri02075,NCT04392323,1
tri02076,NCT04392388,1
tri02077,NCT04392401,1
tri02078,NCT04392427,1
tri02079,NCT04392453,1
tri02080,NCT04392713,1
tri02081,NCT04392778,1
tri02082,NCT04393961,1
tri02083,NCT04394000,1
tri02084,NCT04394026,1
tri02085,NCT04394169,1
tri02086,NCT04394182,1
tri02087,NCT04394195,1
tri02088,NCT04394208,1
tri02089,NCT04395833,1
tri02090,NCT04259892,1
tri02091,NCT04306393,1
tri02091,EUCTR2020-001490-68,2
tri02092,NCT04318314,1
tri02093,NCT04336761,1
tri02094,NCT04337346,1
tri02095,NCT04338828,1
tri02096,NCT04338945,1
tri02097,NCT04341675,1
tri02098,NCT04342637,1
tri02099,NCT04342663,1
tri02100,NCT04347681,1
tri02101,NCT04347928,1
tri02102,NCT04348240,1
tri02103,NCT04350736,1
tri02104,NCT04351399,1
tri02105,NCT04351633,1
tri02106,NCT04353011,1
tri02107,NCT04354714,1
tri02108,NCT04355143,1
tri02109,NCT04355533,1
tri02110,NCT04355897,1
tri02111,NCT04358081,1
tri02112,NCT04360837,1
tri02113,NCT04361214,1
tri02114,NCT04361344,1
tri02115,NCT04362189,1
tri02116,NCT04365153,1
tri02117,NCT04365348,1
tri02118,NCT04365361,1
tri02119,NCT04365764,1
tri02120,NCT04368000,1
tri02121,NCT04368845,1
tri02122,NCT04372628,1
tri02123,NCT04373096,1
tri02124,NCT04374656,1
tri02125,NCT04375501,1
tri02126,NCT04376580,1
tri02127,NCT04380402,1
tri02128,NCT04383678,1
tri02129,NCT04384406,1
tri02130,NCT04384445,1
tri02131,NCT04385147,1
tri02132,NCT04386265,1
tri02133,NCT04386447,1
tri02134,NCT04387240,1
tri02135,NCT04388618,1
tri02136,NCT04390022,1
tri02137,NCT04390074,1
tri02138,NCT04391101,1
tri02139,NCT04391738,1
tri02140,NCT04392128,1
tri02141,NCT04392232,1
tri02142,NCT04393038,1
tri02143,NCT04393051,1
tri02144,NCT04393155,1
tri02145,NCT04393402,1
tri02146,NCT04393428,1
tri02147,NCT04393558,1
tri02148,NCT04393727,1
tri02149,NCT04393792,1
tri02150,NCT04393805,1
tri02151,NCT04393818,1
tri02152,NCT04393974,1
tri02153,NCT04394013,1
tri02154,NCT04394390,1
tri02155,NCT04394403,1
tri02156,NCT04394429,1
tri02157,NCT04394442,1
tri02158,NCT04395144,1
tri02159,NCT04395456,1
tri02160,NCT04395664,1
tri02161,NCT04395742,1
tri02162,NCT04395755,1
tri02163,NCT04395768,1
tri02164,NCT04395794,1
tri02165,NCT04395885,1
tri02166,NCT04395911,1
tri02167,NCT04395976,1
tri02168,NCT04396106,1
tri02169,NCT04396197,1
tri02170,NCT04396210,1
tri02171,NCT04396314,1
tri02172,NCT04396600,1
tri02173,NCT04397172,1
tri02174,NCT04397237,1
tri02175,NCT04397328,1
tri02176,NCT04397380,1
tri02177,NCT04397523,1
tri02178,NCT04397588,1
tri02179,NCT04397614,1
tri02180,NCT04397666,1
tri02181,NCT04397705,1
tri02182,NCT04397822,1
tri02183,NCT04397835,1
tri02184,NCT04397848,1
tri02185,NCT04398264,1
tri02186,NCT04398277,1
tri02187,NCT04398290,1
tri02188,NCT04398303,1
tri02189,NCT04399746,1
tri02190,NCT04400032,1
tri02191,NCT04404634,1
tri02192,ACTRN12620000602921,1
tri02193,ACTRN12620000617965,1
tri02194,ACTRN12620000593932,1
tri02195,ACTRN12620000609954,1
tri02196,ACTRN12620000612910,1
tri02197,ChiCTR2000033433,1
tri02198,ChiCTR2000033372,1
tri02199,ChiCTR2000033364,1
tri02200,ChiCTR2000033347,1
tri02201,ChiCTR2000033346,1
tri02202,ChiCTR2000033345,1
tri02203,ChiCTR2000033342,1
tri02204,ChiCTR2000033323,1
tri02205,ChiCTR2000033320,1
tri02206,ChiCTR2000033319,1
tri02207,ChiCTR2000033318,1
tri02208,ChiCTR2000033317,1
tri02209,ChiCTR2000033286,1
tri02210,ChiCTR2000033284,1
tri02211,ChiCTR2000033261,1
tri02212,ChiCTR2000031539,1
tri02213,ChiCTR2000029479,1
tri02214,ISRCTN15254871,1
tri02215,ISRCTN13447477,1
tri02216,ISRCTN64783542,1
tri02217,ISRCTN30564012,1
tri02218,ISRCTN50212645,1
tri02219,ISRCTN44324934,1
tri02220,ISRCTN88057279,1
tri02221,ISRCTN10077335,1
tri02222,EUCTR2020-001644-25,1
tri02223,EUCTR2020-001573-78,1
tri02224,EUCTR2020-001754-21,1
tri02225,EUCTR2020-001536-98,1
tri02226,EUCTR2020-001673-75,1
tri02227,EUCTR2020-001497-30,1
tri02228,EUCTR2020-001739-28,1
tri02229,EUCTR2020-001870-32,1
tri02230,EUCTR2020-001623-13,1
tri02231,EUCTR2020-002287-31,1
tri02232,EUCTR2020-002037-15,1
tri02233,EUCTR2020-001960-28,1
tri02234,EUCTR2020-001841-38,1
tri02235,EUCTR2020-001420-34,1
tri02236,EUCTR2020-001732-10,1
tri02237,EUCTR2020-001605-23,1
tri02238,EUCTR2020-002312-43,1
tri02239,EUCTR2020-001671-32,1
tri02240,NCT03648372,1
tri02241,NCT04061382,1
tri02242,NCT04305457,1
tri02243,NCT04320511,1
tri02244,NCT04321278,1
tri02245,NCT04331600,1
tri02246,NCT04332107,1
tri02247,NCT04336956,1
tri02248,NCT04338347,1
tri02249,NCT04341766,1
tri02250,NCT04343742,1
tri02251,NCT04346693,1
tri02252,NCT04348370,1
tri02253,NCT04350450,1
tri02254,NCT04352634,1
tri02255,NCT04362995,1
tri02256,NCT04363814,1
tri02257,NCT04373811,1
tri02258,NCT04374591,1
tri02259,NCT04376658,1
tri02260,NCT04377737,1
tri02261,NCT04379375,1
tri02262,NCT04380532,1
tri02263,NCT04381351,1
tri02264,NCT04381884,1
tri02265,NCT04389996,1
tri02266,NCT04390594,1
tri02267,NCT04392869,1
tri02268,NCT04393415,1
tri02269,NCT04395105,1
tri02270,NCT04395482,1
tri02271,NCT04395781,1
tri02272,NCT04395872,1
tri02273,NCT04397497,1
tri02274,NCT04397575,1
tri02275,NCT04398004,1
tri02276,NCT04398147,1
tri02277,NCT04399109,1
tri02278,NCT04399252,1
tri02279,NCT04399356,1
tri02280,NCT04399603,1
tri02281,NCT04399681,1
tri02282,NCT04399798,1
tri02283,NCT04400006,1
tri02284,NCT04400058,1
tri02285,NCT04400305,1
tri02286,NCT04400461,1
tri02287,NCT04400799,1
tri02288,NCT04400812,1
tri02289,NCT04400838,1
tri02290,NCT04400890,1
tri02291,NCT04400929,1
tri02292,NCT04401072,1
tri02293,NCT04401098,1
tri02294,NCT04401111,1
tri02295,NCT04401124,1
tri02296,NCT04401150,1
tri02297,NCT04401202,1
tri02298,NCT04401228,1
tri02299,NCT04401241,1
tri02300,NCT04401254,1
tri02301,NCT04401371,1
tri02302,NCT04401410,1
tri02303,NCT04401423,1
tri02304,NCT04401527,1
tri02305,NCT04401540,1
tri02306,NCT04401644,1
tri02307,NCT04402203,1
tri02308,NCT04402229,1
tri02309,NCT04402814,1
tri02310,NCT04402840,1
tri02311,NCT04402983,1
tri02312,NCT04403009,1
tri02313,NCT04403035,1
tri02314,NCT04403269,1
tri02315,NCT04403438,1
tri02316,NCT04403477,1
tri02317,NCT04403555,1
tri02318,NCT04403581,1
tri02319,NCT04403906,1
tri02320,NCT04404192,1
tri02321,NCT04404218,1
tri02322,NCT04307693,1
tri02323,NCT04317040,1
tri02324,NCT04321421,1
tri02325,NCT04327206,1
tri02326,NCT04327570,1
tri02327,NCT04328467,1
tri02328,NCT04328493,1
tri02329,NCT04334629,1
tri02330,NCT04334850,1
tri02331,NCT04341610,1
tri02332,NCT04341714,1
tri02333,NCT04345289,1
tri02334,NCT04351516,1
tri02335,NCT04354428,1
tri02336,NCT04359264,1
tri02337,NCT04359693,1
tri02338,NCT04362059,1
tri02338,EUCTR2020-001886-35,2
tri02339,NCT04362150,1
tri02340,NCT04364594,1
tri02341,NCT04366115,1
tri02342,NCT04366141,1
tri02343,NCT04367337,1
tri02344,NCT04368988,1
tri02345,NCT04373200,1
tri02346,NCT04374526,1
tri02347,NCT04376879,1
tri02348,NCT04377659,1
tri02349,NCT04378582,1
tri02350,NCT04378803,1
tri02351,NCT04378842,1
tri02352,NCT04379063,1
tri02353,NCT04382417,1
tri02354,NCT04382547,1
tri02355,NCT04384497,1
tri02356,NCT04385004,1
tri02357,NCT04386291,1
tri02358,NCT04386720,1
tri02359,NCT04387890,1
tri02360,NCT04388527,1
tri02361,NCT04393324,1
tri02362,NCT04394104,1
tri02363,NCT04395391,1
tri02364,NCT04397692,1
tri02365,NCT04400448,1
tri02366,NCT04401046,1
tri02367,NCT04402892,1
tri02368,NCT04402905,1
tri02369,NCT04402918,1
tri02370,NCT04403061,1
tri02371,NCT04403243,1
tri02372,NCT04403646,1
tri02373,NCT04403672,1
tri02374,NCT04403685,1
tri02375,NCT04404062,1
tri02376,NCT04404179,1
tri02377,NCT04404244,1
tri02378,NCT04404426,1
tri02379,NCT04405102,1
tri02380,NCT04405271,1
tri02381,NCT04405310,1
tri02382,NCT04405362,1
tri02383,NCT04405492,1
tri02384,NCT04405843,1
tri02385,NCT04405869,1
tri02386,NCT04405999,1
tri02387,NCT04406038,1
tri02388,NCT04406064,1
tri02389,NCT04406090,1
tri02390,NCT04406233,1
tri02391,NCT04406246,1
tri02392,NCT04406324,1
tri02393,NCT04406389,1
tri02394,NCT04406493,1
tri02395,NCT04406532,1
tri02396,NCT04406571,1
tri02397,NCT04406688,1
tri02398,NCT04406844,1
tri02399,NCT04407221,1
tri02400,NCT04407273,1
tri02401,NCT04407286,1
tri02402,NCT04407299,1
tri02403,NCT04407429,1
tri02404,NCT04407468,1
tri02405,NCT04407507,1
tri02406,NCT04407533,1
tri02407,NCT04407598,1
tri02408,NCT04408014,1
tri02409,NCT04408027,1
tri02410,NCT04408040,1
tri02411,NCT04408222,1
tri02412,NCT04408235,1
tri02413,NCT04408365,1
tri02414,NCT04408391,1
tri02415,ACTRN12620000640909,1
tri02416,ACTRN12620000635965,1
tri02417,ACTRN12620000641998,1
tri02418,ACTRN12620000636954,1
tri02419,ACTRN12620000634976,1
tri02420,ACTRN12620000620921,1
tri02421,ChiCTR2000033627,1
tri02422,ChiCTR2000033609,1
tri02423,ChiCTR2000033580,1
tri02424,ChiCTR2000033517,1
tri02425,ChiCTR2000033514,1
tri02426,ChiCTR2000033491,1
tri02427,ISRCTN99248812,1
tri02428,ISRCTN15571919,1
tri02429,ISRCTN12107048,1
tri02430,ISRCTN11384058,1
tri02431,ISRCTN10437835,1
tri02432,ISRCTN43900695,1
tri02433,ISRCTN77353041,1
tri02434,EUCTR2020-001597-30,1
tri02435,EUCTR2020-001546-19,1
tri02436,EUCTR2020-002111-22,1
tri02437,EUCTR2020-001904-41,1
tri02438,EUCTR2020-002091-12,1
tri02439,EUCTR2020-001849-39,1
tri02440,EUCTR2020-001951-42,1
tri02441,EUCTR2015-002340-14,1
tri02442,EUCTR2020-001038-36,1
tri02443,EUCTR2020-002130-33,1
tri02444,NCT04283461,1
tri02445,NCT04292730,1
tri02445,EUCTR2020-000842-32,2
tri02446,NCT04292899,1
tri02446,EUCTR2020-000841-15,2
tri02446,ISRCTN15874265,3
tri02447,NCT04320615,1
tri02448,NCT04322123,1
tri02449,NCT04322188,1
tri02450,NCT04323228,1
tri02451,NCT04329832,1
tri02452,NCT04334967,1
tri02453,NCT04335747,1
tri02454,NCT04336345,1
tri02455,NCT04337788,1
tri02456,NCT04344509,1
tri02457,NCT04344600,1
tri02458,NCT04344951,1
tri02458,EUCTR2020-001345-38,2
tri02459,NCT04347278,1
tri02460,NCT04348214,1
tri02461,NCT04348513,1
tri02462,NCT04351243,1
tri02463,NCT04355364,1
tri02464,NCT04355442,1
tri02465,NCT04357340,1
tri02466,NCT04359407,1
tri02467,NCT04363736,1
tri02468,NCT04363827,1
tri02469,NCT04365322,1
tri02470,NCT04370210,1
tri02471,NCT04370236,1
tri02472,NCT04370886,1
tri02473,NCT04373044,1
tri02474,NCT04374461,1
tri02475,NCT04377672,1
tri02476,NCT04384965,1
tri02477,NCT04385186,1
tri02478,NCT04385849,1
tri02479,NCT04389554,1
tri02480,NCT04391179,1
tri02481,NCT04393233,1
tri02482,NCT04396067,1
tri02483,NCT04397757,1
tri02484,NCT04397796,1
tri02485,NCT04401085,1
tri02486,NCT04401475,1
tri02487,NCT04402827,1
tri02488,NCT04402879,1
tri02489,NCT04403932,1
tri02490,NCT04405544,1
tri02491,NCT04405973,1
tri02492,NCT04405986,1
tri02493,NCT04406181,1
tri02494,NCT04406545,1
tri02495,NCT04407143,1
tri02496,NCT04407169,1
tri02497,NCT04407182,1
tri02498,NCT04407195,1
tri02499,NCT04407208,1
tri02500,NCT04407260,1
tri02501,NCT04407390,1
tri02502,NCT04407494,1
tri02503,NCT04407559,1
tri02504,NCT04407663,1
tri02505,NCT04407923,1
tri02506,NCT04408131,1
tri02507,NCT04408157,1
tri02508,NCT04408170,1
tri02509,NCT04408196,1
tri02510,NCT04408209,1
tri02511,NCT04408287,1
tri02512,NCT04408378,1
tri02513,NCT04408456,1
tri02514,NCT04409184,1
tri02515,NCT04409197,1
tri02516,NCT04409327,1
tri02517,NCT04409483,1
tri02518,NCT04409509,1
tri02519,NCT04409522,1
tri02520,NCT04409535,1
tri02521,NCT04409743,1
tri02522,NCT04409821,1
tri02523,NCT04409847,1
tri02524,NCT04409873,1
tri02525,NCT04409899,1
tri02526,NCT04409951,1
tri02527,NCT04410107,1
tri02528,NCT04410263,1
tri02529,NCT04410328,1
tri02530,NCT04410458,1
tri02531,NCT04410471,1
tri02532,NCT04410510,1
tri02533,NCT04410536,1
tri02534,NCT04410549,1
tri02535,NCT04410562,1
tri02536,NCT04410692,1
tri02537,NCT04410718,1
tri02538,NCT04410939,1
tri02539,NCT04411433,1
tri02540,NCT04411511,1
tri02541,NCT04411563,1
tri02542,NCT04411602,1
tri02543,NCT04411680,1
tri02544,NCT04412226,1
tri02545,NCT04412239,1
tri02546,NCT04412343,1
tri02547,NCT04412369,1
tri02548,NCT04412382,1
tri02549,NCT04412395,1
tri02550,NCT04412460,1
tri02551,NCT04412473,1
tri02552,NCT04412486,1
tri02553,NCT04413058,1
tri02554,NCT04413877,1
tri02555,NCT04306497,1
tri02556,NCT04311697,1
tri02557,NCT04315948,1
tri02557,EUCTR2020-000936-23,2
tri02558,NCT04326114,1
tri02559,NCT04327401,1
tri02560,NCT04327505,1
tri02561,NCT04327531,1
tri02562,NCT04332081,1
tri02563,NCT04333654,1
tri02564,NCT04336410,1
tri02565,NCT04339816,1
tri02566,NCT04340479,1
tri02567,NCT04341142,1
tri02568,NCT04343092,1
tri02569,NCT04343248,1
tri02570,NCT04345276,1
tri02571,NCT04345692,1
tri02572,NCT04347512,1
tri02573,NCT04347798,1
tri02574,NCT04347824,1
tri02575,NCT04348500,1
tri02576,NCT04352985,1
tri02577,NCT04355936,1
tri02578,NCT04356482,1
tri02579,NCT04358003,1
tri02580,NCT04359511,1
tri02581,NCT04359680,1
tri02582,NCT04359901,1
tri02583,NCT04361838,1
tri02584,NCT04367870,1
tri02585,NCT04371926,1
tri02586,NCT04372589,1
tri02587,NCT04374084,1
tri02588,NCT04374786,1
tri02589,NCT04382040,1
tri02590,NCT04382066,1
tri02591,NCT04382950,1
tri02592,NCT04384458,1
tri02593,NCT04385251,1
tri02594,NCT04385901,1
tri02595,NCT04385940,1
tri02596,NCT04389567,1
tri02597,NCT04389580,1
tri02598,NCT04392414,1
tri02599,NCT04393246,1
tri02600,NCT04394416,1
tri02601,NCT04395508,1
tri02602,NCT04395924,1
tri02603,NCT04400279,1
tri02604,NCT04403607,1
tri02605,NCT04408066,1
tri02606,NCT04408183,1
tri02607,NCT04408326,1
tri02608,NCT04409496,1
tri02609,NCT04409574,1
tri02610,NCT04409834,1
tri02611,NCT04410484,1
tri02612,NCT04411446,1
tri02613,NCT04411459,1
tri02614,NCT04411576,1
tri02615,NCT04411667,1
tri02616,NCT04411784,1
tri02617,NCT04412018,1
tri02618,NCT04412031,1
tri02619,NCT04412538,1
tri02620,NCT04412551,1
tri02621,NCT04412746,1
tri02622,NCT04412772,1
tri02623,NCT04412785,1
tri02624,NCT04413006,1
tri02625,NCT04413045,1
tri02626,NCT04413838,1
tri02627,NCT04413864,1
tri02628,NCT04413955,1
tri02629,NCT04413968,1
tri02630,NCT04414059,1
tri02631,NCT04414098,1
tri02632,NCT04414124,1
tri02633,NCT04414371,1
tri02634,NCT04414410,1
tri02635,NCT04414631,1
tri02636,NCT04414904,1
tri02637,NCT04415073,1
tri02638,NCT04415151,1
tri02639,NCT04416009,1
tri02640,NCT04416048,1
tri02641,NCT04416061,1
tri02642,NCT04416100,1
tri02643,NCT04416113,1
tri02644,NCT04416139,1
tri02645,NCT04416256,1
tri02646,NCT04416308,1
tri02647,NCT04416360,1
tri02648,NCT04416373,1
tri02649,NCT04416438,1
tri02650,NCT04416919,1
tri02651,NCT04417270,1
tri02652,NCT04417335,1
tri02653,NCT04418544,1
tri02654,NCT04418947,1
tri02655,NCT04419025,1
tri02656,ISRCTN14447421,1
tri02657,ISRCTN59048638,1
tri02658,ISRCTN55886926,1
tri02659,ISRCTN15324611,1
tri02660,ChiCTR2000033872,1
tri02661,ChiCTR2000033830,1
tri02662,ChiCTR2000033798,1
tri02663,ChiCTR2000033782,1
tri02664,ChiCTR2000033781,1
tri02665,ChiCTR2000033780,1
tri02666,ChiCTR2000033774,1
tri02667,ChiCTR2000033745,1
tri02668,ChiCTR2000033723,1
tri02669,ChiCTR2000033720,1
tri02670,ChiCTR2000033719,1
tri02671,ChiCTR2000033705,1
tri02672,EUCTR2020-001257-51,1
tri02673,EUCTR2020-001363-85,1
tri02674,EUCTR2020-001270-29,1
tri02675,EUCTR2020-001376-15,1
tri02676,EUCTR2020-001411-25,1
tri02677,EUCTR2020-001498-63,1
tri02678,EUCTR2020-001264-28,1
tri02679,EUCTR2020-001937-11,1
tri02680,EUCTR2020-001244-26,1
tri02681,DRKS00021439,1
tri02682,DRKS00021443,1
tri02683,DRKS00021447,1
tri02684,DRKS00021416,1
tri02685,DRKS00021420,1
tri02686,DRKS00021424,1
tri02687,DRKS00021432,1
tri02688,DRKS00021468,1
tri02689,DRKS00021399,1
tri02690,DRKS00021395,1
tri02691,DRKS00021516,1
tri02692,DRKS00021521,1
tri02693,DRKS00021523,1
tri02694,DRKS00021522,1
tri02695,DRKS00021527,1
tri02696,DRKS00021506,1
tri02697,DRKS00021514,1
tri02698,DRKS00021574,1
tri02699,DRKS00021573,1
tri02700,DRKS00021575,1
tri02701,DRKS00021578,1
tri02702,DRKS00021537,1
tri02703,DRKS00021585,1
tri02704,DRKS00021588,1
tri02705,DRKS00021581,1
tri02706,DRKS00021582,1
tri02707,DRKS00021591,1
tri02708,DRKS00021206,1
tri02709,DRKS00021208,1
tri02710,DRKS00021214,1
tri02711,DRKS00021255,1
tri02712,DRKS00021254,1
tri02713,DRKS00021226,1
tri02714,DRKS00021225,1
tri02715,DRKS00021220,1
tri02716,DRKS00021231,1
tri02717,DRKS00021166,1
tri02718,DRKS00021161,1
tri02719,DRKS00021164,1
tri02720,DRKS00021145,1
tri02721,DRKS00021152,1
tri02722,DRKS00021153,1
tri02723,DRKS00021186,1
tri02724,DRKS00021301,1
tri02725,DRKS00021306,1
tri02726,DRKS00021289,1
tri02727,DRKS00021295,1
tri02728,DRKS00021297,1
tri02729,DRKS00021268,1
tri02730,DRKS00021276,1
tri02731,DRKS00021270,1
tri02732,DRKS00021273,1
tri02733,DRKS00021134,1
tri02734,DRKS00022057,1
tri02735,DRKS00022054,1
tri02736,DRKS00022067,1
tri02737,DRKS00022071,1
tri02738,DRKS00022083,1
tri02739,DRKS00022088,1
tri02740,DRKS00021815,1
tri02741,DRKS00021823,1
tri02742,DRKS00021810,1
tri02743,DRKS00021605,1
tri02744,DRKS00021611,1
tri02745,DRKS00021612,1
tri02746,DRKS00021638,1
tri02747,DRKS00021653,1
tri02748,DRKS00021630,1
tri02749,DRKS00021688,1
tri02750,DRKS00021680,1
tri02751,DRKS00021699,1
tri02752,DRKS00021698,1
tri02753,DRKS00021658,1
tri02754,DRKS00021664,1
tri02755,DRKS00021675,1
tri02756,DRKS00021677,1
tri02757,DRKS00021676,1
tri02758,DRKS00021671,1
tri02759,DRKS00021727,1
tri02760,DRKS00021729,1
tri02761,DRKS00021732,1
tri02762,DRKS00021706,1
tri02763,DRKS00021709,1
tri02764,DRKS00021757,1
tri02765,DRKS00021763,1
tri02766,DRKS00021772,1
tri02767,DRKS00021775,1
tri02768,DRKS00021740,1
tri02769,DRKS00021752,1
tri02770,DRKS00021791,1
tri02771,SLCTR/2020/011,1
tri02772,IRCT20200128046294N2,1
tri02773,IRCT20200314046774N1,1
tri02774,IRCT20200324046850N3,1
tri02775,IRCT20180923041093N3,1
tri02776,IRCT20180923041093N4,1
tri02777,IRCT20200324046850N1,1
tri02778,IRCT20200318046812N1,1
tri02779,IRCT20190810044500N5,1
tri02780,IRCT20180725040596N2,1
tri02781,IRCT20200404046947N1,1
tri02782,IRCT20151228025732N52,1
tri02783,IRCT20081027001411N3,1
tri02784,IRCT20091201002804N12,1
tri02785,IRCT20200217046526N1,1
tri02786,IRCT20200411047016N1,1
tri02787,IRCT20190727044343N3,1
tri02788,IRCT20200223046586N2,1
tri02789,IRCT20081019001369N6,1
tri02790,IRCT20091012002582N21,1
tri02791,IRCT20200325046859N2,1
tri02792,IRCT20190418043307N1,1
tri02793,IRCT20200411047019N1,1
tri02794,IRCT20150303021315N19,1
tri02795,IRCT20080901001165N59,1
tri02796,IRCT20200209046427N1,1
tri02797,IRCT20200428047228N1,1
tri02798,IRCT20200501047259N1,1
tri02799,IRCT20200115046144N2,1
tri02800,IRCT20131129015584N3,1
tri02801,IRCT20150107020592N25,1
tri02802,IRCT20200502047268N1,1
tri02803,IRCT20200503047280N1,1
tri02804,IRCT20200418047126N1,1
tri02805,IRCT20200405046951N1,1
tri02806,IRCT20170211032494N3,1
tri02807,IRCT20081011001323N25,1
tri02808,IRCT20200421047150N1,1
tri02809,IRCT20180923041093N6,1
tri02810,IRCT20200509047360N1,1
tri02811,IRCT20140428017469N1,1
tri02812,IRCT20200506047323N2,1
tri02813,IRCT20200509047373N1,1
tri02814,IRCT20151227025726N15,1
tri02815,IRCT20150716023235N15,1
tri02816,IRCT20200510047383N1,1
tri02817,IRCT20120215009014N355,1
tri02818,IRCT20200511047396N1,1
tri02819,IRCT20170731035423N2,1
tri02820,IRCT20090609002017N35,1
tri02821,IRCT20080901001165N55,1
tri02822,IRCT20080901001165N53,1
tri02823,IRCT20200428047228N2,1
tri02824,IRCT20080901001165N60,1
tri02825,IRCT20200506047323N1,1
tri02826,IRCT20080901001165N56,1
tri02827,IRCT20200405046960N2,1
tri02828,IRCT20200516047462N1,1
tri02829,IRCT20151227025726N17,1
tri02830,IRCT20200516047468N1,1
tri02831,IRCT20150107020592N23,1
tri02832,IRCT20160809029275N1,1
tri02833,IRCT20151226025699N3,1
tri02834,IRCT20180608040007N2,1
tri02835,IRCT20200517047485N1,1
tri02836,IRCT20150107020592N22,1
tri02837,IRCT20200518047497N1,1
tri02838,IRCT20200519047510N1,1
tri02839,IRCT20151227025726N18,1
tri02840,IRCT20161206031256N3,1
tri02841,IRCT20080901001165N58,1
tri02842,IRCT20160126026217N4,1
tri02843,IRCT20200422047168N2,1
tri02844,IRCT20200525047562N1,1
tri02845,IRCT20200523047550N1,1
tri02846,IRCT20150107020592N24,1
tri02847,IRCT20200518047497N2,1
tri02848,IRCT20120703010178N20,1
tri02849,IRCT20200412047042N1,1
tri02850,KCT0005105,1
tri02851,LBCTR2020043459,1
tri02852,JPRN-JapicCTI-205270,1
tri02853,JPRN-jRCT1032200025,1
tri02854,JPRN-jRCTs031190227,1
tri02855,JPRN-jRCTs031190269,1
tri02856,JPRN-jRCTs031200026,1
tri02857,JPRN-jRCTs032200044,1
tri02858,JPRN-jRCTs041190120,1
tri02859,JPRN-jRCTs061200002,1
tri02860,JPRN-UMIN000039997,1
tri02861,JPRN-UMIN000040219,1
tri02862,JPRN-UMIN000040333,1
tri02863,JPRN-UMIN000040341,1
tri02864,JPRN-UMIN000040353,1
tri02865,JPRN-UMIN000040405,1
tri02866,JPRN-UMIN000040407,1
tri02867,JPRN-UMIN000040451,1
tri02868,JPRN-UMIN000040453,1
tri02869,JPRN-UMIN000040479,1
tri02870,JPRN-UMIN000040516,1
tri02871,JPRN-UMIN000040520,1
tri02872,JPRN-UMIN000040563,1
tri02873,JPRN-UMIN000040587,1
tri02874,JPRN-UMIN000040598,1
tri02875,JPRN-UMIN000040602,1
tri02876,JPRN-UMIN000040614,1
tri02877,JPRN-UMIN000040616,1
tri02878,JPRN-UMIN000040617,1
tri02879,JPRN-UMIN000040679,1
tri02880,JPRN-UMIN000040683,1
tri02881,JPRN-UMIN000040694,1
tri02882,PACTR202004801273802,1
tri02883,PACTR202004693933092,1
tri02884,PACTR202004761408382,1
tri02885,PACTR202005599385499,1
tri02886,PACTR202004893013257,1
tri02887,PACTR202005681895696,1
tri02888,PACTR202005622389003,1
tri02889,PACTR202006717277937,1
tri02890,PACTR202006899597082,1
tri02891,RBR-6m69fc,1
tri02892,RBR-9pgwfc,1
tri02893,RBR-8969zg,1
tri02894,RBR-658khm,1
tri02895,RBR-6w5tbk,1
tri02896,RBR-3k4wxb,1
tri02897,RBR-3rdhgm,1
tri02898,RBR-4vm3yy,1
tri02899,RBR-62y3h7,1
tri02900,RBR-9y32yy,1
tri02901,RBR-9d8z6m,1
tri02901,NCT04322123,2
tri02902,RBR-2dxyx4,1
tri02903,RBR-43hbks,1
tri02904,RBR-949z6v,1
tri02905,RBR-876qb5,1
tri02906,RBR-4qjzh7,1
tri02907,RPCEC00000306,1
tri02908,RPCEC00000307,1
tri02909,RPCEC00000308,1
tri02910,RPCEC00000309,1
tri02911,RPCEC00000310,1
tri02912,RPCEC00000311,1
tri02913,RPCEC00000312,1
tri02914,RPCEC00000313,1
tri02915,RPCEC00000314,1
tri02916,RPCEC00000315,1
tri02917,RPCEC00000316,1
tri02918,RPCEC00000317,1
tri02919,RPCEC00000318,1
tri02920,RPCEC00000319,1
tri02921,RPCEC00000320,1
tri02922,TCTR20200601002,1
tri02923,TCTR20200527001,1
tri02924,TCTR20200514001,1
tri02925,TCTR20200426002,1
tri02926,TCTR20200425001,1
tri02927,TCTR20200409006,1
tri02928,TCTR20200405001,1
tri02929,TCTR20200404004,1
tri02930,TCTR20200401002,1
tri02931,TCTR20200324001,1
tri02932,TCTR20200321001,1
tri02933,NCT04315298,1
tri02934,NCT04316377,1
tri02935,NCT04321928,1
tri02936,NCT04335279,1
tri02937,NCT04335305,1
tri02938,NCT04335851,1
tri02939,NCT04339426,1
tri02940,NCT04345653,1
tri02941,NCT04346420,1
tri02942,NCT04346589,1
tri02943,NCT04347382,1
tri02944,NCT04348656,1
tri02945,NCT04348942,1
tri02946,NCT04350073,1
tri02947,NCT04351139,1
tri02948,NCT04351581,1
tri02949,NCT04355702,1
tri02950,NCT04357041,1
tri02951,NCT04357444,1
tri02952,NCT04359667,1
tri02953,NCT04366323,1
tri02954,NCT04367545,1
tri02955,NCT04367662,1
tri02956,NCT04368728,1
tri02957,NCT04370223,1
tri02958,NCT04371328,1
tri02959,NCT04371744,1
tri02960,NCT04372017,1
tri02961,NCT04374565,1
tri02962,NCT04379310,1
tri02963,NCT04381923,1
tri02964,NCT04381962,1
tri02965,NCT04382495,1
tri02966,NCT04387838,1
tri02967,NCT04393636,1
tri02968,NCT04395807,1
tri02969,NCT04397510,1
tri02970,NCT04401293,1
tri02971,NCT04401436,1
tri02972,NCT04402060,1
tri02973,NCT04403100,1
tri02974,NCT04403828,1
tri02975,NCT04404270,1
tri02976,NCT04408001,1
tri02977,NCT04412265,1
tri02978,NCT04412356,1
tri02979,NCT04413747,1
tri02980,NCT04415086,1
tri02981,NCT04415879,1
tri02982,NCT04416399,1
tri02983,NCT04417374,1
tri02984,NCT04418128,1
tri02985,NCT04418193,1
tri02986,NCT04418206,1
tri02987,NCT04418245,1
tri02988,NCT04418375,1
tri02989,NCT04418505,1
tri02990,NCT04418518,1
tri02991,NCT04418531,1
tri02992,NCT04418557,1
tri02993,NCT04418609,1
tri02994,NCT04419571,1
tri02995,NCT04419623,1
tri02996,NCT04420182,1
tri02997,NCT04420260,1
tri02998,NCT04420273,1
tri02999,NCT04420286,1
tri03000,NCT04420364,1
tri03001,NCT04420390,1
tri03002,NCT04420416,1
tri03003,NCT04420468,1
tri03004,NCT04420637,1
tri03005,NCT04420676,1
tri03006,NCT04420806,1
tri03007,NCT04420988,1
tri03008,NCT04421391,1
tri03009,NCT04421534,1
tri03010,NCT04421625,1
tri03011,NCT04421664,1
tri03012,NCT04422379,1
tri03013,NCT04422418,1
tri03014,NCT04422535,1
tri03015,NCT04422691,1
tri03016,NCT04422769,1
tri03017,NCT04423042,1
tri03018,NCT04423315,1
tri03019,NCT04423692,1
tri03020,NCT04424134,1
tri03021,NCT04425616,1
tri03022,NCT03376854,1
tri03023,NCT04193878,1
tri03024,NCT04303507,1
tri03025,NCT04315987,1
tri03026,NCT04322682,1
tri03027,NCT04325906,1
tri03028,NCT04331795,1
tri03029,NCT04334460,1
tri03030,NCT04335786,1
tri03030,EUCTR2020-001320-34,2
tri03031,NCT04337320,1
tri03032,NCT04337996,1
tri03033,NCT04338074,1
tri03034,NCT04341116,1
tri03035,NCT04341922,1
tri03036,NCT04342884,1
tri03037,NCT04343651,1
tri03038,NCT04344145,1
tri03039,NCT04344288,1
tri03040,NCT04344925,1
tri03041,NCT04344977,1
tri03042,NCT04345861,1
tri03043,NCT04346121,1
tri03044,NCT04346628,1
tri03045,NCT04347174,1
tri03045,CTRI/2020/04/024846,2
tri03046,NCT04347239,1
tri03047,NCT04348409,1
tri03048,NCT04348552,1
tri03049,NCT04351152,1
tri03050,NCT04351503,1
tri03051,NCT04353596,1
tri03052,NCT04355351,1
tri03053,NCT04356495,1
tri03054,NCT04358588,1
tri03055,NCT04360278,1
tri03056,NCT04361474,1
tri03056,EUCTR2020-001667-85,2
tri03057,NCT04362813,1
tri03058,NCT04363606,1
tri03059,NCT04365595,1
tri03060,NCT04366232,1
tri03060,EUCTR2020-001963-10,2
tri03061,NCT04366245,1
tri03062,NCT04368871,1
tri03063,NCT04369599,1
tri03064,NCT04373798,1
tri03065,NCT04375098,1
tri03066,NCT04375735,1
tri03067,NCT04377711,1
tri03068,NCT04379531,1
tri03069,NCT04380961,1
tri03069,2020-003056-32,2
tri03070,NCT04381013,1
tri03071,NCT04382768,1
tri03072,NCT04383899,1
tri03073,NCT04385160,1
tri03074,NCT04386694,1
tri03075,NCT04386850,1
tri03076,NCT04388813,1
tri03077,NCT04389450,1
tri03078,NCT04389489,1
tri03079,NCT04389515,1
tri03080,NCT04390516,1
tri03081,NCT04391127,1
tri03082,NCT04391166,1
tri03083,NCT04393142,1
tri03084,NCT04394078,1
tri03085,NCT04395170,1
tri03086,NCT04399980,1
tri03087,NCT04400877,1
tri03088,NCT04403880,1
tri03089,NCT04405466,1
tri03090,NCT04407546,1
tri03091,NCT04409249,1
tri03092,NCT04409886,1
tri03093,NCT04410016,1
tri03094,NCT04410835,1
tri03095,NCT04412252,1
tri03096,NCT04412278,1
tri03097,NCT04412655,1
tri03098,NCT04414293,1
tri03099,NCT04414618,1
tri03100,NCT04415359,1
tri03101,NCT04416334,1
tri03102,NCT04420299,1
tri03103,NCT04422353,1
tri03104,NCT04422509,1
tri03105,NCT04422522,1
tri03106,NCT04422574,1
tri03107,NCT04422587,1
tri03108,NCT04422613,1
tri03109,NCT04422626,1
tri03110,NCT04422678,1
tri03111,NCT04422873,1
tri03112,NCT04423003,1
tri03113,NCT04423289,1
tri03114,NCT04423640,1
tri03115,NCT04423770,1
tri03116,NCT04423861,1
tri03117,NCT04423991,1
tri03118,NCT04424004,1
tri03119,NCT04424017,1
tri03120,NCT04424082,1
tri03121,NCT04424771,1
tri03122,NCT04424797,1
tri03123,NCT04424849,1
tri03124,NCT04424901,1
tri03125,NCT04424992,1
tri03126,NCT04425005,1
tri03127,NCT04425044,1
tri03128,NCT04425317,1
tri03129,NCT04425382,1
tri03130,NCT04425460,1
tri03131,NCT04425499,1
tri03132,NCT04425538,1
tri03133,NCT04425707,1
tri03134,NCT04425733,1
tri03135,NCT04425772,1
tri03136,NCT04425837,1
tri03137,NCT04425889,1
tri03138,NCT04425915,1
tri03139,NCT04426006,1
tri03140,NCT04426071,1
tri03141,NCT04426084,1
tri03142,NCT04426201,1
tri03143,NCT04426253,1
tri03144,NCT04426279,1
tri03145,NCT04426292,1
tri03146,NCT04426305,1
tri03147,NCT04426318,1
tri03148,NCT04426344,1
tri03149,NCT04427176,1
tri03150,NCT04427280,1
tri03151,NCT04427332,1
tri03152,NCT04427345,1
tri03153,NCT04427358,1
tri03154,NCT04427631,1
tri03155,NCT04427735,1
tri03156,NCT04428021,1
tri03157,NCT04428073,1
tri03158,NCT04428099,1
tri03159,NCT04428801,1
tri03160,NCT04429477,1
tri03161,NCT04429529,1
tri03162,NCT04429763,1
tri03163,NCT04429854,1
tri03164,ACTRN12620000501943,1
tri03165,ACTRN12620000500954,1
tri03166,ACTRN12620000674932,1
tri03167,ACTRN12620000676910,1
tri03168,ISRCTN89951424,1
tri03169,ISRCTN93266696,1
tri03170,ISRCTN94091479,1
tri03171,ISRCTN33578935,1
tri03172,ISRCTN40302986,1
tri03173,ISRCTN21363594,1
tri03174,ISRCTN28342533,1
tri03175,ISRCTN40092247,1
tri03176,ISRCTN16483855,1
tri03177,ChiCTR2000033980,1
tri03178,ChiCTR2000033960,1
tri03179,ChiCTR2000033936,1
tri03180,ChiCTR2000033919,1
tri03181,ChiCTR2000033899,1
tri03182,ChiCTR2000031707,1
tri03183,EUCTR2020-001243-15,1
tri03184,EUCTR2020-001411-25,1
tri03185,EUCTR2020-001636-95,1
tri03186,EUCTR2020-002293-28,1
tri03187,EUCTR2020-001889-10,1
tri03188,EUCTR2020-002120-37,1
tri03189,EUCTR2020-002233-15,1
tri03190,EUCTR2020-001784-88,1
tri03191,EUCTR2020-001497-30,1
tri03192,EUCTR2020-001736-95,1
tri03193,NCT04244591,1
tri03194,NCT04285190,1
tri03195,NCT04303299,1
tri03196,NCT04311177,1
tri03197,NCT04312009,1
tri03198,NCT04312243,1
tri03199,NCT04333914,1
tri03199,EUCTR2020-001373-70,2
tri03200,NCT04340414,1
tri03201,NCT04343781,1
tri03202,NCT04346446,1
tri03203,NCT04347408,1
tri03204,NCT04353128,1
tri03205,NCT04354818,1
tri03206,NCT04362319,1
tri03207,NCT04369066,1
tri03208,NCT04370262,1
tri03209,NCT04371029,1
tri03210,NCT04374643,1
tri03211,NCT04376814,1
tri03212,NCT04382053,1
tri03213,NCT04383535,1
tri03214,NCT04383730,1
tri03215,NCT04386369,1
tri03216,NCT04387214,1
tri03217,NCT04387409,1
tri03218,NCT04388709,1
tri03219,NCT04389476,1
tri03220,NCT04391140,1
tri03221,NCT04394455,1
tri03222,NCT04395716,1
tri03223,NCT04397562,1
tri03224,NCT04397900,1
tri03225,NCT04397939,1
tri03226,NCT04399733,1
tri03227,NCT04402944,1
tri03228,NCT04402957,1
tri03229,NCT04408339,1
tri03230,NCT04412057,1
tri03231,NCT04412317,1
tri03232,NCT04413071,1
tri03233,NCT04413435,1
tri03234,NCT04418284,1
tri03235,NCT04421404,1
tri03236,NCT04422340,1
tri03237,NCT04424355,1
tri03238,NCT04424836,1
tri03239,NCT04424940,1
tri03240,NCT04425213,1
tri03241,NCT04425252,1
tri03242,NCT04425759,1
tri03243,NCT04427267,1
tri03244,NCT04427865,1
tri03245,NCT04427878,1
tri03246,NCT04428268,1
tri03247,NCT04429334,1
tri03248,NCT04429555,1
tri03249,NCT04429711,1
tri03250,NCT04429724,1
tri03251,NCT04429815,1
tri03252,NCT04429828,1
tri03253,NCT04429867,1
tri03254,NCT04430062,1
tri03255,NCT04430608,1
tri03256,NCT04431180,1
tri03257,NCT04431284,1
tri03258,NCT04431297,1
tri03259,NCT04431310,1
tri03260,NCT04431453,1
tri03261,NCT04431466,1
tri03262,NCT04431856,1
tri03263,NCT04431908,1
tri03264,NCT04432272,1
tri03265,NCT04432324,1
tri03266,NCT04432948,1
tri03267,NCT04433000,1
tri03268,NCT04433039,1
tri03269,NCT04433286,1
tri03270,NCT04434131,1
tri03271,NCT04434157,1
tri03272,NCT02765191,1
tri03273,NCT03963622,1
tri03274,NCT04269525,1
tri03275,NCT04288102,1
tri03276,NCT04304053,1
tri03276,EUCTR2020-001031-27,2
tri03277,NCT04308668,1
tri03278,NCT04312997,1
tri03279,NCT04313023,1
tri03280,NCT04314232,1
tri03281,NCT04318366,1
tri03282,NCT04320472,1
tri03283,NCT04320732,1
tri03284,NCT04323592,1
tri03285,NCT04323761,1
tri03286,NCT04323800,1
tri03287,NCT04324463,1
tri03288,NCT04325646,1
tri03289,NCT04328285,1
tri03290,NCT04329533,1
tri03291,NCT04329611,1
tri03292,NCT04331366,1
tri03293,NCT04331899,1
tri03294,NCT04332991,1
tri03295,NCT04335136,1
tri03296,NCT04337918,1
tri03297,NCT04339790,1
tri03298,NCT04341285,1
tri03299,NCT04341688,1
tri03300,NCT04342689,1
tri03301,NCT04342897,1
tri03302,NCT04343261,1
tri03303,NCT04343729,1
tri03304,NCT04343976,1
tri03305,NCT04344561,1
tri03306,NCT04344587,1
tri03307,NCT04345419,1
tri03308,NCT04346277,1
tri03309,NCT04346355,1
tri03309,EUCTR2020-001386-37,2
tri03310,NCT04346615,1
tri03311,NCT04347954,1
tri03312,NCT04349241,1
tri03313,NCT04350593,1
tri03314,NCT04351347,1
tri03315,NCT04352491,1
tri03316,NCT04353180,1
tri03317,NCT04353284,1
tri03318,NCT04353336,1
tri03319,NCT04353674,1
tri03320,NCT04354441,1
tri03321,NCT04354519,1
tri03322,NCT04354792,1
tri03323,NCT04354805,1
tri03324,NCT04355728,1
tri03325,NCT04355767,1
tri03326,NCT04356534,1
tri03327,NCT04356937,1
tri03328,NCT04357028,1
tri03329,NCT04357535,1
tri03330,NCT04357639,1
tri03331,NCT04357730,1
tri03332,NCT04358068,1
tri03333,NCT04358380,1
tri03334,NCT04358549,1
tri03335,NCT04358835,1
tri03336,NCT04359277,1
tri03337,NCT04360824,1
tri03338,NCT04361396,1
tri03339,NCT04361552,1
tri03340,NCT04362137,1
tri03341,NCT04362332,1
tri03342,NCT04362865,1
tri03343,NCT04363203,1
tri03344,NCT04363385,1
tri03345,NCT04363463,1
tri03346,NCT04363853,1
tri03347,NCT04364737,1
tri03348,NCT04364763,1
tri03349,NCT04364893,1
tri03350,NCT04365101,1
tri03351,NCT04365582,1
tri03352,NCT04366778,1
tri03353,NCT04366791,1
tri03354,NCT04366986,1
tri03355,NCT04367740,1
tri03356,NCT04368897,1
tri03357,NCT04368923,1
tri03358,NCT04369742,1
tri03359,NCT04370834,1
tri03360,NCT04371354,1
tri03361,NCT04371393,1
tri03362,NCT04371419,1
tri03363,NCT04371432,1
tri03364,NCT04371471,1
tri03365,NCT04371822,1
tri03366,NCT04372186,1
tri03367,NCT04373460,1
tri03368,NCT04373707,1
tri03369,NCT04373733,1
tri03370,NCT04373759,1
tri03371,NCT04375397,1
tri03372,NCT04375761,1
tri03373,NCT04376684,1
tri03374,NCT04376775,1
tri03375,NCT04377100,1
tri03376,NCT04377334,1
tri03377,NCT04377568,1
tri03378,NCT04377620,1
tri03379,NCT04377776,1
tri03380,NCT04380818,1
tri03381,NCT04382586,1
tri03382,NCT04382651,1
tri03383,NCT04382794,1
tri03384,NCT04383444,1
tri03385,NCT04383457,1
tri03386,NCT04383613,1
tri03387,NCT04384055,1
tri03388,NCT04385238,1
tri03389,NCT04386252,1
tri03390,NCT04386616,1
tri03391,NCT04387656,1
tri03392,NCT04387760,1
tri03393,NCT04387799,1
tri03394,NCT04388826,1
tri03395,NCT04389411,1
tri03396,NCT04389710,1
tri03397,NCT04389840,1
tri03398,NCT04390126,1
tri03399,NCT04391309,1
tri03400,NCT04391816,1
tri03401,NCT04392219,1
tri03402,NCT04392973,1
tri03403,NCT04393311,1
tri03404,NCT04393948,1
tri03405,NCT04394117,1
tri03406,NCT04394377,1
tri03407,NCT04394793,1
tri03408,NCT04394884,1
tri03409,NCT04395300,1
tri03410,NCT04395859,1
tri03411,NCT04396353,1
tri03412,NCT04397718,1
tri03413,NCT04399005,1
tri03414,NCT04399317,1
tri03415,NCT04399889,1
tri03416,NCT04399967,1
tri03417,NCT04401449,1
tri03418,NCT04401579,1
tri03419,NCT04402866,1
tri03420,NCT04403386,1
tri03421,NCT04404361,1
tri03422,NCT04405076,1
tri03423,NCT04405570,1
tri03424,NCT04405739,1
tri03425,NCT04405908,1
tri03426,NCT04405921,1
tri03427,NCT04405934,1
tri03428,NCT04407117,1
tri03429,NCT04407130,1
tri03430,NCT04407572,1
tri03431,NCT04407585,1
tri03432,NCT04407689,1
tri03433,NCT04408248,1
tri03434,NCT04409262,1
tri03435,NCT04409925,1
tri03436,NCT04410159,1
tri03437,NCT04410354,1
tri03438,NCT04411147,1
tri03439,NCT04411628,1
tri03440,NCT04412291,1
tri03441,NCT04412304,1
tri03442,NCT04412330,1
tri03443,NCT04412668,1
tri03444,NCT04414267,1
tri03445,NCT04415060,1
tri03446,NCT04416347,1
tri03447,NCT04416464,1
tri03448,NCT04417257,1
tri03449,NCT04417673,1
tri03450,NCT04419610,1
tri03451,NCT04420247,1
tri03452,NCT04420312,1
tri03453,NCT04420338,1
tri03454,NCT04420741,1
tri03455,NCT04421027,1
tri03456,NCT04421508,1
tri03457,NCT04422470,1
tri03458,NCT04422561,1
tri03459,NCT04423978,1
tri03460,NCT04424446,1
tri03461,NCT04425031,1
tri03462,NCT04425629,1
tri03463,NCT04425720,1
tri03464,NCT04425850,1
tri03465,NCT04425863,1
tri03466,NCT04426266,1
tri03467,NCT04426695,1
tri03468,NCT04427098,1
tri03469,NCT04427137,1
tri03470,NCT04427501,1
tri03471,NCT04427566,1
tri03472,NCT04428008,1
tri03473,NCT04429620,1
tri03474,NCT04430049,1
tri03475,NCT04430322,1
tri03476,NCT04430374,1
tri03477,NCT04431414,1
tri03478,NCT04431869,1
tri03479,NCT04432051,1
tri03480,NCT04432103,1
tri03481,NCT04432298,1
tri03482,NCT04432766,1
tri03483,NCT04432779,1
tri03484,NCT04432805,1
tri03485,NCT04432870,1
tri03486,NCT04432922,1
tri03487,NCT04432961,1
tri03488,NCT04432987,1
tri03489,NCT04433013,1
tri03490,NCT04433026,1
tri03491,NCT04433078,1
tri03492,NCT04433260,1
tri03493,NCT04433312,1
tri03494,NCT04433325,1
tri03495,NCT04433364,1
tri03496,NCT04433546,1
tri03497,NCT04433754,1
tri03498,NCT04433871,1
tri03499,NCT04433910,1
tri03500,NCT04433949,1
tri03501,NCT04434118,1
tri03502,NCT04434248,1
tri03503,NCT04434261,1
tri03504,NCT04434417,1
tri03505,NCT04435015,1
tri03506,NCT04435028,1
tri03507,NCT04435041,1
tri03508,NCT04435080,1
tri03509,NCT04435106,1
tri03510,NCT04435119,1
tri03511,NCT04435184,1
tri03512,NCT04435223,1
tri03513,NCT04435275,1
tri03514,NCT04435314,1
tri03515,NCT04435327,1
tri03516,NCT04435353,1
tri03517,NCT04435379,1
tri03518,NCT04435457,1
tri03519,NCT04435587,1
tri03520,NCT04435717,1
tri03521,NCT04435795,1
tri03522,NCT04435808,1
tri03523,NCT04436276,1
tri03524,NCT04436458,1
tri03525,NCT04436471,1
tri03526,NCT04436484,1
tri03527,NCT04437121,1
tri03528,NCT04437342,1
tri03529,NCT04437693,1
tri03530,NCT04437706,1
tri03531,NCT04437719,1
tri03532,NCT04437823,1
tri03533,NCT04437875,1
tri03534,NCT04437901,1
tri03535,NCT04437940,1
tri03536,NCT04438057,1
tri03537,NCT04438070,1
tri03538,NCT04438239,1
tri03539,NCT04438629,1
tri03540,NCT04438694,1
tri03541,NCT04438837,1
tri03542,NCT04438850,1
tri03543,NCT04438863,1
tri03544,NCT04438941,1
tri03545,NCT04438954,1
tri03546,NCT04438967,1
tri03547,NCT04438980,1
tri03548,NCT04438993,1
tri03549,NCT04439006,1
tri03550,NCT04439045,1
tri03551,NCT04439071,1
tri03552,NCT04439084,1
tri03553,NCT04440007,1
tri03554,NCT04440098,1
tri03555,NCT04441372,1
tri03556,NCT04441385,1
tri03557,NCT04441398,1
tri03558,NCT04441424,1
tri03559,NCT04441489,1
tri03560,NCT04441502,1
tri03561,NCT04441632,1
tri03562,NCT04441684,1
tri03563,NCT04441814,1
tri03564,NCT04441918,1
tri03565,NCT04441996,1
tri03566,NCT04442048,1
tri03567,NCT04442152,1
tri03568,NCT04442165,1
tri03569,NCT04442178,1
tri03570,NCT04442191,1
tri03571,NCT04442204,1
tri03572,NCT04442217,1
tri03573,NCT04442230,1
tri03574,NCT04442243,1
tri03575,NCT04442282,1
tri03576,NCT04442308,1
tri03577,NCT04442360,1
tri03578,NCT04442386,1
tri03579,NCT04442958,1
tri03580,NCT04443075,1
tri03581,NCT04443140,1
tri03582,NCT04443179,1
tri03583,NCT04443270,1
tri03584,NCT04443361,1
tri03585,NCT04443673,1
tri03586,NCT04443699,1
tri03587,NCT04443725,1
tri03588,NCT04443764,1
tri03589,NCT04443803,1
tri03590,NCT04443868,1
tri03591,NCT04443881,1
tri03592,NCT04444115,1
tri03593,NCT04444271,1
tri03594,NCT04444310,1
tri03595,NCT04444336,1
tri03596,NCT04444401,1
tri03597,NCT04444531,1
tri03598,NCT04444557,1
tri03599,NCT04444596,1
tri03600,NCT04444609,1
tri03601,NCT04444661,1
tri03602,NCT04444674,1
tri03603,NCT04444687,1
tri03604,NCT04444700,1
tri03605,NCT04444713,1
tri03606,NCT04445194,1
tri03607,NCT04445207,1
tri03608,NCT04445220,1
tri03609,NCT04445233,1
tri03610,NCT04445246,1
tri03611,NCT04445259,1
tri03612,NCT04445272,1
tri03613,NCT04445285,1
tri03614,NCT04445311,1
tri03615,NCT04445324,1
tri03616,NCT04445337,1
tri03617,NCT04445376,1
tri03618,NCT04445389,1
tri03619,NCT04445402,1
tri03620,NCT04445415,1
tri03621,NCT04445428,1
tri03622,NCT04445441,1
tri03623,NCT04445454,1
tri03624,NCT04445467,1
tri03625,NCT04445493,1
tri03626,NCT04445506,1
tri03627,NCT04445597,1
tri03628,NCT04445610,1
tri03629,NCT04445623,1
tri03630,NCT04445870,1
tri03631,NCT04445935,1
tri03632,NCT04445961,1
tri03633,NCT04446065,1
tri03634,NCT04446104,1
tri03635,NCT04446169,1
tri03636,NCT04446286,1
tri03637,NCT04446338,1
tri03638,NCT04446377,1
tri03639,NCT04446429,1
tri03640,NCT04447131,1
tri03641,NCT04447144,1
tri03642,NCT04447209,1
tri03643,NCT04447222,1
tri03644,NCT04447235,1
tri03645,NCT04447469,1
tri03646,NCT04447495,1
tri03647,NCT04447534,1
tri03648,NCT04447638,1
tri03649,NCT04448054,1
tri03650,NCT04448119,1
tri03651,NCT04448145,1
tri03652,NCT04448405,1
tri03653,NCT04448418,1
tri03654,NCT04448704,1
tri03655,NCT04448717,1
tri03656,NCT04448743,1
tri03657,NCT04448756,1
tri03658,NCT04448769,1
tri03659,NCT04448782,1
tri03660,NCT04449042,1
tri03661,NCT04449081,1
tri03662,NCT04449094,1
tri03663,NCT04449276,1
tri03664,NCT04449380,1
tri03665,ACTRN12620000688987,1
tri03666,ACTRN12620000698976,1
tri03667,ACTRN12620000692932,1
tri03668,ACTRN12620000707965,1
tri03669,ACTRN12620000702910,1
tri03670,ISRCTN13990999,1
tri03671,ISRCTN12394803,1
tri03672,ISRCTN60400862,1
tri03673,ISRCTN13471603,1
tri03674,ISRCTN54917435,1
tri03675,ISRCTN15475176,1
tri03676,ISRCTN17072692,1
tri03677,ISRCTN69546370,1
tri03678,ISRCTN86534580,1
tri03679,ISRCTN37530113,1
tri03680,ISRCTN18274006,1
tri03681,ISRCTN55201674,1
tri03682,ChiCTR2000034164,1
tri03683,ChiCTR2000034112,1
tri03684,ChiCTR2000034076,1
tri03685,ChiCTR2000029589,1
tri03686,EUCTR2020-001767-86,1
tri03687,EUCTR2020-001777-71,1
tri03688,EUCTR2020-001745-40,1
tri03689,EUCTR2020-001501-24,1
tri03690,EUCTR2020-001390-76,1
tri03691,EUCTR2020-001528-32,1
tri03692,EUCTR2020-001987-28,1
tri03693,EUCTR2020-001172-15,1
tri03694,EUCTR2020-001921-30,1
tri03695,EUCTR2020-001795-15,1
tri03696,EUCTR2020-001854-23,1
tri03697,EUCTR2020-001558-23,1
tri03698,NL8536,1
tri03699,NL8512,1
tri03700,NL8551,1
tri03701,NL8501,1
tri03702,NL8522,1
tri03703,NL8523,1
tri03704,NL8562,1
tri03705,NL8563,1
tri03706,NL8570,1
tri03707,NL8529,1
tri03708,NL8572,1
tri03709,NL8576,1
tri03710,NL8521,1
tri03711,NL8580,1
tri03712,NL8578,1
tri03713,NL8577,1
tri03714,NL8587,1
tri03715,NL8589,1
tri03716,NL8528,1
tri03717,NL8535,1
tri03718,NL8538,1
tri03719,NL8513,1
tri03720,NL8609,1
tri03721,NL8613,1
tri03722,NL8543,1
tri03723,NL8625,1
tri03724,NL8547,1
tri03725,NL8627,1
tri03726,NL8633,1
tri03727,NL8645,1
tri03728,NL8668,1
tri03729,NL8473,1
tri03730,NL8490,1
tri03731,NL8526,1
tri03732,NL8685,1
tri03733,NL8694,1
tri03734,NL8706,1
tri03735,NL8705,1
tri03736,NL8710,1
tri03737,NL8714,1
tri03738,NL8729,1
tri03739,NL8460,1
tri03740,NL8483,1
tri03741,NL8485,1
tri03742,NL8491,1
tri03742,EUCTR2020-001236-10,2
tri03743,NL8497,1
tri03744,NL8498,1
tri03745,NCT04324606,1
tri03746,NCT04381936,1
tri03746,EUCTR2020-001113-21,2
tri03746,ISRCTN50189673,3
tri03747,NCT04348305,1
tri03748,NCT04327388,1
tri03749,NCT04451083,1
tri00659,NCT04345991,2
tri00659,EUCTR2020-001246-18,3
tri00660,DRKS00021300,2
tri00672,KCT0004907,2
tri00685,EUCTR2020-001513-20,2
tri00744,EUCTR2020-001275-32,2
tri00791,EUCTR2020-001250-21,2
tri00798,EUCTR2020-001224-33,2
tri00801,DRKS00021199,2
tri00834,NCT04392531,2
tri00889,EUCTR2017-000584-33,2
tri00917,EUCTR2020-001306-35,2
tri00919,EUCTR2020-001335-28,2
tri00952,EUCTR2020-001457-43,2
tri01108,EUCTR2020-001039-29,2
tri01123,EUCTR2020-001302-30,2
tri01149,EUCTR2020-001466-11,2
tri01157,EUCTR2020-001531-27,2
tri01179,EUCTR2020-001303-16,2
tri01243,EUCTR2020-001366-11,2
tri01243,NCT04330690,3
tri01243,PER-010-20,4
tri01243,IRCT20200405046953N1,5
tri01243,NCT04321616,6
tri01243,EUCTR2020-000982-18,7
tri01243,CTRI/2020/04/024773,8
tri01243,LBCTR2020043495,9
tri01243,EUCTR2020-002060-31,10
tri01243,EUCTR2020-001549-38,11
tri01273,DRKS00021238,2
tri01277,EUCTR2020-001200-42,2
tri01294,EUCTR2020-001640-26,2
tri01413,NL8504,2
tri01465,EUCTR2020-001888-90,2
tri01488,ISRCTN99916292,2
tri01497,EUCTR2020-001602-34,2
tri01500,EUCTR2020-001411-25,2
tri01505,EUCTR2020-001616-18,2
tri01536,ISRCTN14326006,2
tri01802,EUCTR2020-001512-26,2
tri01805,PER-018-20,2
tri01805,EUCTR2020-001644-25,3
tri01812,EUCTR2020-001450-22,2
tri01822,EUCTR2020-001264-28,2
tri01842,EUCTR2020-001928-34,2
tri01871,EUCTR2020-001678-31,2
tri01897,EUCTR2020-001331-26,2
tri01903,EUCTR2020-001909-22,2
tri01909,EUCTR2020-001734-36,2
tri01937,EUCTR2020-001023-14,2
tri01937,ISRCTN14241621,3
tri01947,EUCTR2020-001448-24,2
tri01986,EUCTR2020-001684-89,2
tri02056,EUCTR2020-002035-30,2
tri02060,IRCT20200509047366N1,2
tri02061,EUCTR2020-001354-22,2
tri02061,ISRCTN11188345,3
tri02149,EUCTR2020-001721-31,2
tri02217,EUCTR2020-001643-13,2
tri02241,ISRCTN11952463,2
tri02245,EUCTR2020-001469-35,2
tri02275,EUCTR2020-001882-36,2
tri02289,EUCTR2020-001228-32,2
tri02330,EUCTR2020-001324-33,2
tri02333,EUCTR2020-001367-88,2
tri02334,EUCTR2020-001482-37,2
tri02412,EUCTR2020-001972-13,2
tri02447,EUCTR2020-001154-22,2
tri02508,ISRCTN86124626,2
tri02560,EUCTR2020-001349-37,2
tri02560,DRKS00021626,3
tri02565,EUCTR2020-001456-18,2
tri02652,EUCTR2020-001591-15,2
tri02761,EUCTR2020-001431-27,2
tri02948,EUCTR2020-001544-26,2
tri02951,EUCTR2020-001571-32,2
tri02953,EUCTR2020-001364-29,2
tri02964,EUCTR2020-001740-26,2
tri03024,EUCTR2020-001441-39,2
tri03039,EUCTR2020-001553-48,2
tri03051,EUCTR2020-001206-35,2
tri03053,EUCTR2020-001435-27,2
tri03057,EUCTR2020-001370-30,2
tri03075,IRCT20200401046909N1,2
tri03075,IRCT20200401046909N2,3
tri03212,EUCTR2020-001870-32,2
tri03260,EUCTR2020-001803-17,2
tri03265,EUCTR2020-001696-32,2
tri03285,EUCTR2020-001453-49,2
tri03289,EUCTR2020-001188-96,2
tri03295,EUCTR2020-001172-15,2
tri03340,EUCTR2020-001662-11,2
tri03369,EUCTR2020-001449-38,2
tri03373,EUCTR2020-001759-42,2
tri03418,JPRN-jRCT2031200035,2
tri03419,EUCTR2020-001807-18,2
tri03444,EUCTR2020-002448-21,2
tri03454,EUCTR2020-001296-33,2
tri03455,EUCTR2020-001517-21,2
tri03468,EUCTR2020-001308-40,2
tri03499,EUCTR2020-001310-38,2
tri03517,EUCTR2020-001675-33,2
tri03547,EUCTR2020-001827-15,2
tri03678,EUCTR2020-001209-22,2
tri03724,EUCTR2020-001591-15,2
tri03745,EUCTR2020-001072-15,2
tri03745,ISRCTN15281137,3
tri03747,EUCTR2020-001395-15,2
tri03748,EUCTR2020-001162-12,2
tri03749,JPRN-JapicCTI-205326,2
