id,trialid
tri00001,NCT04246242
tri00002,NCT04252885
tri00003,NCT04255940
tri00004,NCT04260308
tri00005,NCT04260594
tri00006,NCT04261426
tri00007,NCT04261907
tri00008,ChiCTR2000029953
tri00009,ChiCTR2000029949
tri00010,ChiCTR2000029947
tri00011,ChiCTR2000029941
tri00012,ChiCTR2000029939
tri00013,ChiCTR2000029935
tri00014,ChiCTR2000029907
tri00015,ChiCTR2000029905
tri00016,ChiCTR2000029896
tri00017,ChiCTR2000029883
tri00018,ChiCTR2000029870
tri00019,ChiCTR2000029869
tri00020,ChiCTR2000029867
tri00021,ChiCTR2000029855
tri00022,ChiCTR2000029853
tri00023,ChiCTR2000029850
tri00024,ChiCTR2000029849
tri00025,ChiCTR2000029839
tri00026,ChiCTR2000029822
tri00027,ChiCTR2000029821
tri00028,ChiCTR2000029819
tri00029,ChiCTR2000029815
tri00030,ChiCTR2000029814
tri00031,ChiCTR2000029813
tri00032,ChiCTR2000029811
tri00033,ChiCTR2000029810
tri00034,ChiCTR2000029806
tri00035,ChiCTR2000029805
tri00036,ChiCTR2000029804
tri00037,ChiCTR2000029790
tri00038,ChiCTR2000029789
tri00039,ChiCTR2000029788
tri00040,ChiCTR2000029782
tri00041,ChiCTR2000029779
tri00042,ChiCTR2000029778
tri00043,ChiCTR2000029777
tri00044,ChiCTR2000029776
tri00045,ChiCTR2000029769
tri00046,ChiCTR2000029768
tri00047,ChiCTR2000029765
tri00048,ChiCTR2000029764
tri00049,ChiCTR2000029763
tri00050,ChiCTR2000029758
tri00051,ChiCTR2000029756
tri00052,ChiCTR2000029754
tri00053,ChiCTR2000029751
tri00054,ChiCTR2000029747
tri00055,ChiCTR2000029742
tri00056,ChiCTR2000029741
tri00057,ChiCTR2000029739
tri00058,ChiCTR2000029735
tri00059,ChiCTR2000029734
tri00060,ChiCTR2000029732
tri00061,ChiCTR2000029695
tri00062,ChiCTR2000029656
tri00063,ChiCTR2000029639
tri00064,ChiCTR2000029637
tri00065,ChiCTR2000029636
tri00066,ChiCTR2000029628
tri00067,ChiCTR2000029626
tri00068,ChiCTR2000029625
tri00069,ChiCTR2000029624
tri00070,ChiCTR2000029621
tri00071,ChiCTR2000029609
tri00072,ChiCTR2000029606
tri00073,ChiCTR2000029603
tri00074,ChiCTR2000029602
tri00075,ChiCTR2000029601
tri00076,ChiCTR2000029600
tri00077,ChiCTR2000029578
tri00078,ChiCTR2000029572
tri00079,ChiCTR2000029569
tri00080,ChiCTR2000029559
tri00081,ChiCTR2000029558
tri00082,ChiCTR2000029548
tri00083,ChiCTR2000029544
tri00084,ChiCTR2000029542
tri00085,ChiCTR2000029541
tri00086,ChiCTR2000029539
tri00087,ChiCTR2000029518
tri00088,ChiCTR2000029517
tri00089,ChiCTR2000029495
tri00090,ChiCTR2000029493
tri00091,ChiCTR2000029487
tri00092,ChiCTR2000029468
tri00093,ChiCTR2000029462
tri00094,ChiCTR2000029461
tri00095,ChiCTR2000029460
tri00096,ChiCTR2000029459
tri00097,ChiCTR2000029439
tri00098,ChiCTR2000029438
tri00099,ChiCTR2000029437
tri00100,ChiCTR2000029436
tri00101,ChiCTR2000029435
tri00102,ChiCTR2000029432
tri00103,ChiCTR2000029431
tri00104,ChiCTR2000029430
tri00105,ChiCTR2000029418
tri00106,ChiCTR2000029400
tri00107,ChiCTR2000029381
tri00108,NCT04268537
tri00109,ChiCTR2000030188
tri00110,ChiCTR2000030185
tri00111,ChiCTR2000030179
tri00112,ChiCTR2000030173
tri00113,ChiCTR2000030170
tri00114,ChiCTR2000030167
tri00115,ChiCTR2000030166
tri00116,ChiCTR2000030165
tri00117,ChiCTR2000030164
tri00118,ChiCTR2000030138
tri00119,ChiCTR2000030137
tri00120,ChiCTR2000030136
tri00121,ChiCTR2000030118
tri00122,ChiCTR2000030117
tri00123,ChiCTR2000030116
tri00124,ChiCTR2000030115
tri00125,ChiCTR2000030113
tri00126,ChiCTR2000030102
tri00127,ChiCTR2000030096
tri00128,ChiCTR2000030094
tri00129,ChiCTR2000030093
tri00130,ChiCTR2000030092
tri00131,ChiCTR2000030090
tri00132,ChiCTR2000030089
tri00133,ChiCTR2000030088
tri00134,ChiCTR2000030087
tri00135,ChiCTR2000030086
tri00136,ChiCTR2000030084
tri00137,ChiCTR2000030058
tri00138,ChiCTR2000030056
tri00139,ChiCTR2000030054
tri00140,ChiCTR2000030046
tri00141,ChiCTR2000030043
tri00142,ChiCTR2000030041
tri00143,ChiCTR2000030039
tri00144,ChiCTR2000030034
tri00145,ChiCTR2000030033
tri00146,ChiCTR2000030032
tri00147,ChiCTR2000030030
tri00148,ChiCTR2000030029
tri00149,ChiCTR2000030027
tri00150,ChiCTR2000030021
tri00151,ChiCTR2000030020
tri00152,ChiCTR2000030019
tri00153,ChiCTR2000030017
tri00154,ChiCTR2000030016
tri00155,ChiCTR2000030015
tri00156,ChiCTR2000030012
tri00157,ChiCTR2000030010
tri00158,ChiCTR2000030008
tri00159,ChiCTR2000030007
tri00160,ChiCTR2000030006
tri00161,ChiCTR2000030004
tri00162,ChiCTR2000030003
tri00163,ChiCTR2000030002
tri00164,ChiCTR2000030001
tri00165,ChiCTR2000030000
tri00166,ChiCTR2000029999
tri00167,ChiCTR2000029996
tri00168,ChiCTR2000029995
tri00169,ChiCTR2000029994
tri00170,ChiCTR2000029992
tri00171,ChiCTR2000029990
tri00172,ChiCTR2000029989
tri00173,ChiCTR2000029988
tri00174,ChiCTR2000029985
tri00175,ChiCTR2000029981
tri00176,ChiCTR2000029978
tri00177,ChiCTR2000029974
tri00178,ChiCTR2000029972
tri00179,ChiCTR2000029960
tri00180,ChiCTR2000029959
tri00181,ChiCTR2000029956
tri00182,ChiCTR2000029954
tri00183,ChiCTR2000029866
tri00184,ChiCTR2000029865
tri00185,ChiCTR2000029851
tri00186,ChiCTR2000029803
tri00187,ChiCTR2000029781
tri00188,ChiCTR2000029780
tri00189,ChiCTR2000029740
tri00190,NCT04270383
tri00191,NCT04273529
tri00192,NCT04273581
tri00193,NCT04275245
tri00194,NCT04275947
tri00195,NCT04279197
tri00196,NCT04279782
tri00197,NCT04279795
tri00198,NCT04279899
tri00199,NCT04280588
tri00200,ChiCTR2000030442
tri00201,ChiCTR2000030433
tri00202,ChiCTR2000030432
tri00203,ChiCTR2000030424
tri00204,ChiCTR2000030420
tri00205,ChiCTR2000030418
tri00206,ChiCTR2000030398
tri00207,ChiCTR2000030391
tri00208,ChiCTR2000030390
tri00209,ChiCTR2000030389
tri00210,ChiCTR2000030387
tri00211,ChiCTR2000030386
tri00212,ChiCTR2000030382
tri00213,ChiCTR2000030363
tri00214,ChiCTR2000030334
tri00215,ChiCTR2000030333
tri00216,ChiCTR2000030327
tri00217,ChiCTR2000030325
tri00218,ChiCTR2000030324
tri00219,ChiCTR2000030322
tri00220,ChiCTR2000030317
tri00221,ChiCTR2000030315
tri00222,ChiCTR2000030314
tri00223,ChiCTR2000030305
tri00224,ChiCTR2000030293
tri00225,ChiCTR2000030290
tri00226,ChiCTR2000030283
tri00227,ChiCTR2000030265
tri00228,ChiCTR2000030264
tri00229,ChiCTR2000030263
tri00230,ChiCTR2000030261
tri00231,ChiCTR2000030260
tri00232,ChiCTR2000030259
tri00233,ChiCTR2000030258
tri00234,ChiCTR2000030257
tri00235,ChiCTR2000030255
tri00236,ChiCTR2000030253
tri00237,ChiCTR2000030226
tri00238,ChiCTR2000030225
tri00239,ChiCTR2000030223
tri00240,ChiCTR2000030222
tri00241,ChiCTR2000030219
tri00242,ChiCTR2000030218
tri00243,ChiCTR2000030215
tri00244,ChiCTR2000030196
tri00245,ChiCTR2000030162
tri00246,ChiCTR2000030091
tri00247,ChiCTR2000030042
tri00248,ChiCTR2000030022
tri00249,ChiCTR2000030013
tri00250,ChiCTR2000029991
tri00251,ChiCTR2000029975
tri00252,ChiCTR2000029952
tri00253,ChiCTR2000029900
tri00254,ChiCTR2000029899
tri00255,ChiCTR2000029898
tri00256,ChiCTR2000029829
tri00257,ChiCTR2000029762
tri00258,ChiCTR2000029761
tri00259,ChiCTR2000029760
tri00260,ChiCTR2000029759
tri00261,ChiCTR2000029755
tri00262,ChiCTR2000029728
tri00263,ChiCTR2000029387
tri00264,ChiCTR2000029386
tri00265,NCT04276987
tri00266,NCT04281693
tri00267,NCT04282902
tri00268,NCT04284046
tri00269,NCT04286503
tri00270,ChiCTR2000030627
tri00271,ChiCTR2000030593
tri00272,ChiCTR2000030581
tri00273,ChiCTR2000030579
tri00274,ChiCTR2000030578
tri00275,ChiCTR2000030574
tri00276,ChiCTR2000030564
tri00277,ChiCTR2000030559
tri00278,ChiCTR2000030557
tri00279,ChiCTR2000030556
tri00280,ChiCTR2000030552
tri00281,ChiCTR2000030544
tri00282,ChiCTR2000030543
tri00283,ChiCTR2000030542
tri00284,ChiCTR2000030541
tri00285,ChiCTR2000030540
tri00286,ChiCTR2000030535
tri00287,ChiCTR2000030522
tri00288,ChiCTR2000030518
tri00289,ChiCTR2000030503
tri00290,ChiCTR2000030493
tri00291,ChiCTR2000030492
tri00292,ChiCTR2000030491
tri00293,ChiCTR2000030490
tri00294,ChiCTR2000030489
tri00295,ChiCTR2000030487
tri00296,ChiCTR2000030485
tri00297,ChiCTR2000030484
tri00298,ChiCTR2000030482
tri00299,ChiCTR2000030481
tri00300,ChiCTR2000030480
tri00301,ChiCTR2000030479
tri00302,ChiCTR2000030477
tri00303,ChiCTR2000030475
tri00304,ChiCTR2000030472
tri00305,ChiCTR2000030471
tri00306,ChiCTR2000030469
tri00307,ChiCTR2000030468
tri00308,ChiCTR2000030467
tri00309,ChiCTR2000030465
tri00310,ChiCTR2000030464
tri00311,ChiCTR2000030453
tri00312,ChiCTR2000030436
tri00313,ChiCTR2000030312
tri00314,ChiCTR2000030304
tri00315,ChiCTR2000030163
tri00316,ChiCTR2000030014
tri00317,ChiCTR2000029993
tri00318,ChiCTR2000029958
tri00319,ChiCTR2000029757
tri00320,ChiCTR2000029580
tri00321,ChiCTR2000029579
tri00322,ChiCTR2000029550
tri00323,ChiCTR2000029549
tri00324,ChiCTR2000029308
tri00325,NCT04292327
tri00326,NCT04292340
tri00327,NCT04293887
tri00328,NCT04295551
tri00329,NCT04296643
tri00330,NCT04298814
tri00331,NCT04299711
tri00332,ChiCTR2000030902
tri00333,ChiCTR2000030901
tri00334,ChiCTR2000030898
tri00335,ChiCTR2000030897
tri00336,ChiCTR2000030896
tri00337,ChiCTR2000030895
tri00338,ChiCTR2000030893
tri00339,ChiCTR2000030892
tri00340,ChiCTR2000030883
tri00341,ChiCTR2000030866
tri00342,ChiCTR2000030865
tri00343,ChiCTR2000030864
tri00344,ChiCTR2000030863
tri00345,ChiCTR2000030862
tri00346,ChiCTR2000030861
tri00347,ChiCTR2000030860
tri00348,ChiCTR2000030859
tri00349,ChiCTR2000030858
tri00350,ChiCTR2000030857
tri00351,ChiCTR2000030856
tri00352,ChiCTR2000030855
tri00353,ChiCTR2000030854
tri00354,ChiCTR2000030853
tri00355,ChiCTR2000030852
tri00356,ChiCTR2000030850
tri00357,ChiCTR2000030849
tri00358,ChiCTR2000030841
tri00359,ChiCTR2000030839
tri00360,ChiCTR2000030838
tri00361,ChiCTR2000030836
tri00362,ChiCTR2000030835
tri00363,ChiCTR2000030834
tri00364,ChiCTR2000030833
tri00365,ChiCTR2000030832
tri00366,ChiCTR2000030831
tri00367,ChiCTR2000030830
tri00368,ChiCTR2000030819
tri00369,ChiCTR2000030818
tri00370,ChiCTR2000030816
tri00371,ChiCTR2000030814
tri00372,ChiCTR2000030812
tri00373,ChiCTR2000030810
tri00374,ChiCTR2000030809
tri00375,ChiCTR2000030807
tri00376,ChiCTR2000030806
tri00377,ChiCTR2000030805
tri00378,ChiCTR2000030804
tri00379,ChiCTR2000030803
tri00380,ChiCTR2000030802
tri00381,ChiCTR2000030801
tri00382,ChiCTR2000030800
tri00383,ChiCTR2000030799
tri00384,ChiCTR2000030798
tri00385,ChiCTR2000030797
tri00386,ChiCTR2000030796
tri00387,ChiCTR2000030795
tri00388,ChiCTR2000030784
tri00389,ChiCTR2000030782
tri00390,ChiCTR2000030779
tri00391,ChiCTR2000030778
tri00392,ChiCTR2000030773
tri00393,ChiCTR2000030768
tri00394,ChiCTR2000030764
tri00395,ChiCTR2000030763
tri00396,ChiCTR2000030762
tri00397,ChiCTR2000030761
tri00398,ChiCTR2000030760
tri00399,ChiCTR2000030759
tri00400,ChiCTR2000030758
tri00401,ChiCTR2000030757
tri00402,ChiCTR2000030756
tri00403,ChiCTR2000030755
tri00404,ChiCTR2000030754
tri00405,ChiCTR2000030753
tri00406,ChiCTR2000030752
tri00407,ChiCTR2000030751
tri00408,ChiCTR2000030747
tri00409,ChiCTR2000030744
tri00410,ChiCTR2000030742
tri00411,ChiCTR2000030741
tri00412,ChiCTR2000030740
tri00413,ChiCTR2000030739
tri00414,ChiCTR2000030722
tri00415,ChiCTR2000030721
tri00416,ChiCTR2000030720
tri00417,ChiCTR2000030719
tri00418,ChiCTR2000030718
tri00419,ChiCTR2000030717
tri00420,ChiCTR2000030716
tri00421,ChiCTR2000030708
tri00422,ChiCTR2000030707
tri00423,ChiCTR2000030706
tri00424,ChiCTR2000030703
tri00425,ChiCTR2000030702
tri00426,ChiCTR2000030701
tri00427,ChiCTR2000030700
tri00428,ChiCTR2000030697
tri00429,ChiCTR2000030690
tri00430,ChiCTR2000030687
tri00431,ChiCTR2000030686
tri00432,ChiCTR2000030683
tri00433,ChiCTR2000030681
tri00434,ChiCTR2000030679
tri00435,ChiCTR2000030619
tri00436,ChiCTR2000030606
tri00437,ChiCTR2000030597
tri00438,ChiCTR2000030580
tri00439,ChiCTR2000030558
tri00440,ChiCTR2000030545
tri00441,ChiCTR2000030528
tri00442,ChiCTR2000030509
tri00443,ChiCTR2000030483
tri00444,ChiCTR2000030478
tri00445,ChiCTR2000030476
tri00446,ChiCTR2000030466
tri00447,ChiCTR2000030417
tri00448,ChiCTR2000030388
tri00449,ChiCTR2000030381
tri00450,ChiCTR2000030329
tri00451,ChiCTR2000030306
tri00452,ChiCTR2000030221
tri00453,ChiCTR2000030187
tri00454,ChiCTR2000030135
tri00455,ChiCTR2000030114
tri00456,ChiCTR2000030085
tri00457,ChiCTR2000030082
tri00458,ChiCTR2000030055
tri00459,ChiCTR2000030031
tri00460,ChiCTR2000030005
tri00461,ChiCTR2000029984
tri00462,ChiCTR2000029957
tri00463,ChiCTR2000029895
tri00464,ChiCTR2000029837
tri00465,ChiCTR2000029826
tri00466,ChiCTR2000029820
tri00467,ChiCTR2000029818
tri00468,ChiCTR2000029817
tri00469,ChiCTR2000029816
tri00470,ChiCTR2000029812
tri00471,ChiCTR2000029770
tri00472,ChiCTR2000029592
tri00473,NCT04264533
tri00474,NCT04285801
tri00475,NCT04299724
tri00476,NCT04302519
tri00477,NCT04302688
tri00478,NCT04308187
tri00479,ChiCTR2000031163
tri00480,ChiCTR2000031150
tri00481,ChiCTR2000031140
tri00482,ChiCTR2000031139
tri00483,ChiCTR2000031138
tri00484,ChiCTR2000031115
tri00485,ChiCTR2000031104
tri00486,ChiCTR2000031090
tri00487,ChiCTR2000031089
tri00488,ChiCTR2000031088
tri00489,ChiCTR2000031023
tri00490,ChiCTR2000031014
tri00491,ChiCTR2000030996
tri00492,ChiCTR2000030993
tri00493,ChiCTR2000030992
tri00494,ChiCTR2000030989
tri00495,ChiCTR2000030986
tri00496,ChiCTR2000030985
tri00497,ChiCTR2000030961
tri00498,ChiCTR2000030952
tri00499,ChiCTR2000030951
tri00500,ChiCTR2000030950
tri00501,ChiCTR2000030947
tri00502,ChiCTR2000030946
tri00503,ChiCTR2000030944
tri00504,ChiCTR2000030943
tri00505,ChiCTR2000030942
tri00506,ChiCTR2000030941
tri00507,ChiCTR2000030939
tri00508,ChiCTR2000030934
tri00509,ChiCTR2000030933
tri00510,ChiCTR2000030932
tri00511,ChiCTR2000030931
tri00512,ChiCTR2000030929
tri00513,ChiCTR2000030922
tri00514,ChiCTR2000030920
tri00515,ChiCTR2000030919
tri00516,ChiCTR2000030906
tri00517,ChiCTR2000030771
tri00518,ChiCTR2000030765
tri00519,ChiCTR2000030539
tri00520,ChiCTR2000030519
tri00521,ChiCTR2000030254
tri00522,ChiCTR2000030224
tri00523,ChiCTR2000030168
tri00524,ChiCTR2000030095
tri00525,ChiCTR2000029955
tri00526,ChiCTR2000029868
tri00527,ChiCTR2000029830
tri00528,ChiCTR2000029658
tri00529,ChiCTR2000029573
tri00530,ChiCTR2000029496
tri00531,EUCTR2020-000890-25-FR
tri00532,JPRN-UMIN000039686
tri00533,NCT04251767
tri00534,NCT04254874
tri00535,NCT04255017
tri00536,NCT04261270
tri00537,NCT04263402
tri00538,NCT04264858
tri00539,NCT04272710
tri00540,NCT04276896
tri00541,NCT04283396
tri00542,NCT04287686
tri00543,NCT04291053
tri00544,NCT04292964
tri00545,NCT04293692
tri00546,NCT04304313
tri00547,NCT04305574
tri00548,NCT04306705
tri00549,NCT04308317
tri00550,NCT04312100
tri00551,NCT04312464
tri00552,NCT04313322
tri00553,NCT04314271
tri00554,NCT04314817
tri00555,NCT04315870
tri00556,NCT04316728
tri00557,NCT04316884
tri00558,NCT04318418
tri00559,ChiCTR2000031366
tri00560,ChiCTR2000031365
tri00561,ChiCTR2000031361
tri00562,ChiCTR2000031356
tri00563,ChiCTR2000031337
tri00564,ChiCTR2000031336
tri00565,ChiCTR2000031330
tri00566,ChiCTR2000031329
tri00567,ChiCTR2000031328
tri00568,ChiCTR2000031324
tri00569,ChiCTR2000031319
tri00570,ChiCTR2000031301
tri00571,ChiCTR2000031296
tri00572,ChiCTR2000031293
tri00573,ChiCTR2000031272
tri00574,ChiCTR2000031271
tri00575,ChiCTR2000031252
tri00576,ChiCTR2000031247
tri00577,ChiCTR2000031246
tri00578,ChiCTR2000031245
tri00579,ChiCTR2000031244
tri00580,ChiCTR2000031227
tri00581,ChiCTR2000031214
tri00582,ChiCTR2000031204
tri00583,ChiCTR2000031203
tri00584,ChiCTR2000031198
tri00585,ChiCTR2000031196
tri00586,ChiCTR2000031187
tri00587,ChiCTR2000031176
tri00588,ChiCTR2000030988
tri00589,ChiCTR2000030962
tri00590,ChiCTR2000030940
tri00591,ChiCTR2000030938
tri00592,ChiCTR2000030937
tri00593,ChiCTR2000030936
tri00594,ChiCTR2000030923
tri00595,ChiCTR2000030817
tri00596,ChiCTR2000030704
tri00597,ChiCTR2000030330
tri00598,ChiCTR2000030288
tri00599,ChiCTR2000030256
tri00600,ChiCTR2000030198
tri00601,ChiCTR2000030028
tri00602,ChiCTR2000029982
tri00603,EUCTR2020-000919-69-NL
tri00604,NCT04288713
tri00605,NCT04290871
tri00606,NCT04305106
tri00607,NCT04316299
tri00608,NCT04319211
tri00609,NCT04319900
tri00610,NCT04322344
tri00611,NCT04322786
tri00612,NCT04323332
tri00613,NCT04323514
tri00614,NCT04323631
tri00615,NCT04324866
tri00616,NCT04324996
tri00617,NCT04325412
tri00618,NCT04325919
tri00619,NCT04326309
tri00620,NCT04331860
tri00621,ISRCTN14966673
tri00622,ChiCTR2000031639
tri00623,ChiCTR2000031630
tri00624,ChiCTR2000031627
tri00625,ChiCTR2000031589
tri00626,ChiCTR2000031587
tri00627,ChiCTR2000031540
tri00628,ChiCTR2000031538
tri00629,ChiCTR2000031533
tri00630,ChiCTR2000031504
tri00631,ChiCTR2000031503
tri00632,ChiCTR2000031501
tri00633,ChiCTR2000031500
tri00634,ChiCTR2000031499
tri00635,ChiCTR2000031494
tri00636,ChiCTR2000031465
tri00637,ChiCTR2000031454
tri00638,ChiCTR2000031453
tri00639,ChiCTR2000031439
tri00640,ChiCTR2000031438
tri00641,ChiCTR2000031432
tri00642,ChiCTR2000031430
tri00643,ChiCTR2000031429
tri00644,ChiCTR2000031428
tri00645,ChiCTR2000031427
tri00646,ChiCTR2000031376
tri00647,ChiCTR2000031199
tri00648,EUCTR2020-001271-33-FR
tri00649,EUCTR2020-001281-11-FR
tri00650,EUCTR2020-001236-10-NL
tri00651,EUCTR2020-001010-38-NO
tri00652,ACTRN12620000421932
tri00653,NCT03331445
tri00654,NCT04275414
tri00655,NCT04298060
tri00656,NCT04320238
tri00657,NCT04321811
tri00658,NCT04323878
tri00659,NCT04324047
tri00660,NCT04324528
tri00661,NCT04325867
tri00662,NCT04326036
tri00663,NCT04326075
tri00664,NCT04326452
tri00665,NCT04327180
tri00666,NCT04327349
tri00667,NCT04327674
tri00668,NCT04328272
tri00669,NCT04328454
tri00670,NCT04329507
tri00671,NCT04329559
tri00672,NCT04330144
tri00673,NCT04330261
tri00674,NCT04330521
tri00675,NCT04330586
tri00676,NCT04331574
tri00677,NCT04331613
tri00678,NCT04332016
tri00679,NCT04332666
tri00680,NCT04333251
tri00681,NCT04333472
tri00682,NCT04333693
tri00683,NCT04333862
tri00684,NCT04335019
tri00685,NCT04335201
tri00686,ACTRN12620000443998
tri00687,ACTRN12620000444987
tri00688,ACTRN12620000448943
tri00689,ACTRN12620000447954
tri00690,ACTRN12620000438954
tri00691,ACTRN12620000449932
tri00692,ACTRN12620000454976
tri00693,ChiCTR2000031860
tri00694,ChiCTR2000031836
tri00695,ChiCTR2000031834
tri00696,ChiCTR2000031794
tri00697,ChiCTR2000031783
tri00698,ChiCTR2000031782
tri00699,ChiCTR2000031781
tri00700,ChiCTR2000031779
tri00701,ChiCTR2000031772
tri00702,ChiCTR2000031770
tri00703,ChiCTR2000031752
tri00704,ChiCTR2000031751
tri00705,ChiCTR2000031735
tri00706,ChiCTR2000031734
tri00707,ChiCTR2000031705
tri00708,ChiCTR2000031700
tri00709,ChiCTR2000031699
tri00710,ChiCTR2000031675
tri00711,ChiCTR2000031672
tri00712,ChiCTR2000030750
tri00713,ChiCTR2000030494
tri00714,ChiCTR2000030331
tri00715,ChiCTR2000030328
tri00716,EUCTR2020-001301-23-FR
tri00717,EUCTR2020-001335-28-NL
tri00718,EUCTR2020-001381-11-FR
tri00719,EUCTR2020-001442-19-ES
tri00720,EUCTR2020-001385-11-ES
tri00721,EUCTR2020-001409-21-ES
tri00722,EUCTR2020-001333-13-FR
tri00723,EUCTR2020-001492-33-FR
tri00724,EUCTR2020-001194-69-ES
tri00725,EUCTR2020-001565-37-ES
tri00726,EUCTR2020-001421-31-ES
tri00727,EUCTR2020-001606-33-ES
tri00728,EUCTR2020-001307-16-ES
tri00729,NCT03680274
tri00730,NCT04245631
tri00731,NCT04252274
tri00732,NCT04261517
tri00733,NCT04274322
tri00734,NCT04290780
tri00735,NCT04291729
tri00736,NCT04302766
tri00737,NCT04306055
tri00738,NCT04310228
tri00739,NCT04315480
tri00740,NCT04317092
tri00741,NCT04319315
tri00742,NCT04321265
tri00743,NCT04321369
tri00744,NCT04322773
tri00745,NCT04324021
tri00746,NCT04325672
tri00747,NCT04326725
tri00748,NCT04328012
tri00749,NCT04329546
tri00750,NCT04330300
tri00751,NCT04330495
tri00752,NCT04331106
tri00753,NCT04331470
tri00754,NCT04331509
tri00755,NCT04331665
tri00756,NCT04331834
tri00757,NCT04332094
tri00758,NCT04332913
tri00759,NCT04333407
tri00760,NCT04333849
tri00761,NCT04333953
tri00762,NCT04334005
tri00763,NCT04334382
tri00764,NCT04335188
tri00765,NCT04335630
tri00766,NCT04336254
tri00767,NCT04336462
tri00768,NCT04336657
tri00769,NCT04336787
tri00770,NCT04336904
tri00771,NCT04337151
tri00772,NCT04337190
tri00773,NCT04337216
tri00774,NCT04337489
tri00775,NCT04337502
tri00776,NCT04337541
tri00777,NCT04337762
tri00778,NCT04337983
tri00779,NCT04338100
tri00780,NCT04338360
tri00781,NCT04338698
tri00782,NCT04338802
tri00783,NCT04338906
tri00784,NCT04339322
tri00785,NCT04339387
tri00786,NCT04339608
tri00787,NCT04339660
tri00788,NCT04341012
tri00789,NCT04341038
tri00790,NCT04341103
tri00791,NCT04341207
tri00792,NCT04341480
tri00793,NCT04341506
tri00794,NCT04341519
tri00795,NCT04341792
tri00796,NCT04342104
tri00797,NCT04342208
tri00798,NCT04342221
tri00799,NCT04343404
tri00800,NCT04343677
tri00801,NCT04344080
tri00802,NCT04344197
tri00803,ACTRN12620000468921
tri00804,ACTRN12620000477921
tri00805,ACTRN12620000472976
tri00806,ACTRN12620000479909
tri00807,ACTRN12620000470998
tri00808,ACTRN12620000473965
tri00809,ACTRN12620000474954
tri00810,ACTRN12620000478910
tri00811,ACTRN12620000480987
tri00812,ChiCTR2000032098
tri00813,ChiCTR2000032095
tri00814,ChiCTR2000032040
tri00815,ChiCTR2000032013
tri00816,ChiCTR2000032011
tri00817,ChiCTR2000032010
tri00818,ChiCTR2000032009
tri00819,ChiCTR2000031982
tri00820,ChiCTR2000031955
tri00821,ChiCTR2000031954
tri00822,ChiCTR2000031944
tri00823,ChiCTR2000031930
tri00824,ChiCTR2000031928
tri00825,ChiCTR2000031888
tri00826,ChiCTR2000031712
tri00827,ChiCTR2000030300
tri00828,ChiCTR2000029976
tri00829,ChiCTR2000029434
tri00830,ChiCTR2000029433
tri00831,EUCTR2020-001156-18-ES
tri00832,EUCTR2019-002688-89-ES
tri00833,EUCTR2020-001160-28-ES
tri00834,EUCTR2020-001262-11-ES
tri00835,EUCTR2020-001290-74-ES
tri00836,EUCTR2020-001406-27-FR
tri00837,EUCTR2020-001321-31-ES
tri00838,EUCTR2020-001437-12-ES
tri00839,EUCTR2020-001530-35-ES
tri00840,EUCTR2020-001587-29-ES
tri00841,EUCTR2020-001689-12-ES
tri00842,EUCTR2020-001765-37-ES
tri00843,EUCTR2020-001379-34-ES
tri00844,EUCTR2020-001511-25-ES
tri00845,EUCTR2020-001266-11-ES
tri00846,EUCTR2020-001254-22-BE
tri00847,IRCT20200310046736N1
tri00848,IRCT20151113025025N3
tri00849,IRCT20100228003449N30
tri00850,IRCT20100228003449N28
tri00851,IRCT20100228003449N27
tri00852,IRCT20200316046792N1
tri00853,IRCT20151227025726N12
tri00854,IRCT20170117032004N3
tri00855,IRCT20100228003449N29
tri00856,IRCT20200317046797N1
tri00857,IRCT20160625028622N1
tri00858,IRCT20120826010664N6
tri00859,IRCT20131113015393N6
tri00860,IRCT20140528017891N8
tri00861,IRCT20200321046828N1
tri00862,IRCT20190727044343N1
tri00863,IRCT20140617018126N2
tri00864,IRCT20150914024017N1
tri00865,IRCT20140911019125N6
tri00866,IRCT20160316027081N1
tri00867,IRCT20151227025726N13
tri00868,IRCT20160310026998N11
tri00869,IRCT20160310026998N10
tri00870,IRCT20180610040049N3
tri00871,IRCT20200324046847N1
tri00872,IRCT20140907019073N4
tri00873,IRCT20200324046850N5
tri00874,IRCT20200325046860N1
tri00875,IRCT20101219005416N2
tri00876,IRCT20200317046797N2
tri00877,IRCT20200325046860N2
tri00878,IRCT20170611034452N11
tri00879,IRCT20190917044805N2
tri00880,IRCT20120225009124N4
tri00881,IRCT20180802040678N4
tri00882,IRCT20150704023055N2
tri00883,IRCT20200319046819N1
tri00884,JPRN-JapicCTI-205238
tri00885,JPRN-jRCTs031190226
tri00886,JPRN-UMIN000039986
tri00887,JPRN-UMIN000040185
tri00888,JPRN-UMIN000040188
tri00889,NCT03042143
tri00890,NCT03891420
tri00891,NCT04092478
tri00892,NCT04252118
tri00893,NCT04252664
tri00894,NCT04257656
tri00895,NCT04273646
tri00896,NCT04276688
tri00897,NCT04280224
tri00898,NCT04299152
tri00899,NCT04304690
tri00900,NCT04315896
tri00901,NCT04318015
tri00902,NCT04320277
tri00903,NCT04320953
tri00904,NCT04321174
tri00905,NCT04322487
tri00906,NCT04323345
tri00907,NCT04323787
tri00908,NCT04324073
tri00909,NCT04324190
tri00910,NCT04324736
tri00911,NCT04325048
tri00912,NCT04325061
tri00913,NCT04325633
tri00914,NCT04326426
tri00915,NCT04327804
tri00916,NCT04329650
tri00917,NCT04331054
tri00918,NCT04331171
tri00919,NCT04333420
tri00920,NCT04333628
tri00921,NCT04334044
tri00922,NCT04334434
tri00923,NCT04335773
tri00924,NCT04336215
tri00925,NCT04336384
tri00926,NCT04338568
tri00927,NCT04338672
tri00928,NCT04339634
tri00929,NCT04340466
tri00930,NCT04341168
tri00931,NCT04341584
tri00932,NCT04342156
tri00933,NCT04342169
tri00934,NCT04342195
tri00935,NCT04342650
tri00936,NCT04343001
tri00937,NCT04343144
tri00938,NCT04343183
tri00939,NCT04343339
tri00940,NCT04343664
tri00941,NCT04343690
tri00942,NCT04343755
tri00943,NCT04343794
tri00944,NCT04343963
tri00945,NCT04344106
tri00946,NCT04344171
tri00947,NCT04344210
tri00948,NCT04344236
tri00949,NCT04344444
tri00950,NCT04344535
tri00951,NCT04344548
tri00952,NCT04344730
tri00953,NCT04344756
tri00954,NCT04344782
tri00955,NCT04344834
tri00956,NCT04344938
tri00957,NCT04344964
tri00958,NCT04345315
tri00959,NCT04345406
tri00960,NCT04345445
tri00961,NCT04345510
tri00962,NCT04345523
tri00963,NCT04345536
tri00964,NCT04345549
tri00965,NCT04345640
tri00966,NCT04345887
tri00967,NCT04346017
tri00968,NCT04346043
tri00969,NCT04346056
tri00970,NCT04346160
tri00971,NCT04346186
tri00972,NCT04346264
tri00973,NCT04346329
tri00974,NCT04346342
tri00975,NCT04346368
tri00976,NCT04346810
tri00977,NCT04346927
tri00978,NCT04346953
tri00979,NCT04347070
tri00980,NCT04347369
tri00981,NCT04347460
tri00982,NCT04347850
tri00983,NCT04347876
tri00984,NCT04347889
tri00985,NCT04347941
tri00986,NCT04347980
tri00987,NCT04348227
tri00988,NCT04348383
tri00989,NCT04348396
tri00990,NCT04348422
tri00991,NCT04348448
tri00992,NCT04348461
tri00993,NCT04348695
tri00994,NCT04348864
tri00995,NCT04348877
tri00996,NCT04349371
tri00997,NCT04349410
tri00998,NCT04349618
tri00999,NCT04349982
tri01000,NCT04350086
tri01001,NCT04350099
tri01002,NCT04350281
tri01003,NCT04350671
tri01004,NCT04350684
tri01005,NCT04350931
tri01006,NCT04351295
tri01007,NCT04351490
tri01008,NCT04351529
tri01009,NCT04351542
tri01010,NCT04351620
tri01011,NCT04351646
tri01012,NCT04351659
tri01013,NCT04351711
tri01014,NCT04351763
tri01015,NCT04351789
tri01016,NCT04351802
tri01017,NCT04352400
tri01018,NCT04352517
tri01019,NCT04352582
tri01020,NCT04352803
tri01021,NCT04352959
tri01022,NCT04353154
tri01023,NCT04354155
tri01024,NCT04354272
tri01025,NCT04354558
tri01026,NCT04354584
tri01027,NCT04354753
tri01028,NCT04354857
tri01029,NCT04355026
tri01030,NCT04355247
tri01031,NCT04355494
tri01032,NCT04355676
tri01033,NCT04355741
tri01034,NCT04356417
tri01035,NCT04356443
tri01036,NCT04356508
tri01037,NCT04357275
tri01038,NCT04357769
tri01039,NCT04357847
tri01040,ACTRN12620000417987
tri01041,ACTRN12620000486921
tri01042,ACTRN12620000457943
tri01043,ACTRN12620000492954
tri01044,ACTRN12620000482965
tri01045,ACTRN12620000498998
tri01046,ACTRN12620000493943
tri01047,ChiCTR2000032412
tri01048,ChiCTR2000032400
tri01049,ChiCTR2000032399
tri01050,ChiCTR2000032368
tri01051,ChiCTR2000032367
tri01052,ChiCTR2000032346
tri01053,ChiCTR2000032314
tri01054,ChiCTR2000032313
tri01055,ChiCTR2000032242
tri01056,ChiCTR2000032239
tri01057,ChiCTR2000032237
tri01058,ChiCTR2000032233
tri01059,ChiCTR2000032214
tri01060,ChiCTR2000032213
tri01061,ChiCTR2000032205
tri01062,ChiCTR2000032165
tri01063,ChiCTR2000032162
tri01064,ChiCTR2000032161
tri01065,ISRCTN18348009
tri01066,ISRCTN51255782
tri01067,ISRCTN80453162
tri01068,ISRCTN16912075
tri01069,ISRCTN13694948
tri01070,ISRCTN51287266
tri01071,EUCTR2020-001391-15-IE
tri01072,EUCTR2020-001329-30-AT
tri01073,EUCTR2020-001527-14-NL
tri01074,EUCTR2017-001100-30-DE
tri01075,EUCTR2020-001255-40-ES
tri01076,EUCTR2020-001659-42-ES
tri01077,EUCTR2020-001622-64-ES
tri01078,EUCTR2020-001440-26-ES
tri01079,EUCTR2020-001327-13-AT
tri01080,EUCTR2020-001459-42-DK
tri01081,EUCTR2020-001417-21-BE
tri01082,EUCTR2020-001500-41-BE
tri01083,NCT04256395
tri01084,NCT04313946
tri01085,NCT04318444
tri01086,NCT04319016
tri01087,NCT04319445
tri01088,NCT04320017
tri01089,NCT04320056
tri01090,NCT04320862
tri01091,NCT04323839
tri01092,NCT04326920
tri01093,NCT04327479
tri01094,NCT04329572
tri01095,NCT04330599
tri01096,NCT04330638
tri01097,NCT04331808
tri01098,NCT04332380
tri01099,NCT04332835
tri01100,NCT04333589
tri01101,NCT04334265
tri01102,NCT04334291
tri01103,NCT04334980
tri01104,NCT04335032
tri01105,NCT04335123
tri01106,NCT04337008
tri01107,NCT04338009
tri01108,NCT04339712
tri01109,NCT04341493
tri01110,NCT04344184
tri01111,NCT04344327
tri01112,NCT04344431
tri01113,NCT04345601
tri01114,NCT04345679
tri01115,NCT04346212
tri01116,NCT04346797
tri01117,NCT04347694
tri01118,NCT04347993
tri01119,NCT04348474
tri01120,NCT04348929
tri01121,NCT04349202
tri01122,NCT04350580
tri01123,NCT04351724
tri01124,NCT04351854
tri01125,NCT04352608
tri01126,NCT04352764
tri01127,NCT04352946
tri01128,NCT04353037
tri01129,NCT04353518
tri01130,NCT04353609
tri01131,NCT04354870
tri01132,NCT04355052
tri01133,NCT04355234
tri01134,NCT04355338
tri01135,NCT04355429
tri01136,NCT04355481
tri01137,NCT04355507
tri01138,NCT04355715
tri01139,NCT04355754
tri01140,NCT04355793
tri01141,NCT04355884
tri01142,NCT04355962
tri01143,NCT04356365
tri01144,NCT04356560
tri01145,NCT04356586
tri01146,NCT04356677
tri01147,NCT04357106
tri01148,NCT04357327
tri01149,NCT04357366
tri01150,NCT04357418
tri01151,NCT04357496
tri01152,NCT04357574
tri01153,NCT04357613
tri01154,NCT04357782
tri01155,NCT04357808
tri01156,NCT04357834
tri01157,NCT04357860
tri01158,NCT04357886
tri01159,NCT04358042
tri01160,NCT04358211
tri01161,NCT04358406
tri01162,NCT04358510
tri01163,NCT04358536
tri01164,NCT04358614
tri01165,NCT04358627
tri01166,NCT04358640
tri01167,NCT04358809
tri01168,NCT04359095
tri01169,NCT04359251
tri01170,NCT04359290
tri01171,NCT04359316
tri01172,NCT04359329
tri01173,NCT04359459
tri01174,NCT04359615
tri01175,NCT04359836
tri01176,NCT04359849
tri01177,NCT04359875
tri01178,NCT04359914
tri01179,NCT04359953
tri01180,NCT04359992
tri01181,NCT04360096
tri01182,NCT04360356
tri01183,NCT04360486
tri01184,NCT04360538
tri01185,NCT04360551
tri01186,NCT04360733
tri01187,NCT04360759
tri01188,NCT04360811
tri01189,NCT04360850
tri01190,NCT04360863
tri01191,NCT04360876
tri01192,NCT04360954
tri01193,NCT04360980
tri01194,NCT04361019
tri01195,NCT04361318
tri01196,NCT04361422
tri01197,NCT04361435
tri01198,NCT04361448
tri01199,NCT04361461
tri01200,NCT04361500
tri01201,NCT04361526
tri01202,NCT04361591
tri01203,NCT04361604
tri01204,NCT04361786
tri01205,NCT04361903
tri01206,NCT04361916
tri01207,NCT04361981
tri01208,NCT04362111
tri01209,NCT04362124
tri01210,NCT04362358
tri01211,NCT04362943
tri01212,NCT04362956
tri01213,NCT04363099
tri01214,NCT04363268
tri01215,NCT04363372
tri01216,NCT04363489
tri01217,NCT04363528
tri01218,NCT04363541
tri01219,NCT04363671
tri01220,NCT04363749
tri01221,NCT04363788
tri01222,NCT04363840
tri01223,NCT04363866
tri01224,NCT04364022
tri01225,NCT04364711
tri01226,NCT04364984
tri01227,NCT04365127
tri01228,NCT04365439
tri01229,NCT04365634
tri01230,NCT04365699
tri01231,NCT04365738
tri01232,NCT04365881
tri01233,NCT04365959
tri01234,NCT04366050
tri01235,NCT04366830
tri01236,NCT04372069
tri01237,ACTRN12620000512921
tri01238,ACTRN12620000516987
tri01239,ACTRN12620000517976
tri01240,ACTRN12620000527965
tri01241,ISRCTN13311119
tri01242,ISRCTN17898730
tri01243,ISRCTN83971151
tri01244,ChiCTR2000032632
tri01245,ChiCTR2000032574
tri01246,ChiCTR2000032573
tri01247,ChiCTR2000032527
tri01248,ChiCTR2000032514
tri01249,ChiCTR2000032487
tri01250,ChiCTR2000032480
tri01251,ChiCTR2000032478
tri01252,ChiCTR2000032476
tri01253,ChiCTR2000032461
tri01254,ChiCTR2000032460
tri01255,ChiCTR2000032459
tri01256,ChiCTR2000032458
tri01257,ChiCTR2000032457
tri01258,ChiCTR2000032456
tri01259,ChiCTR2000032455
tri01260,ChiCTR2000032135
tri01261,ChiCTR2000031896
tri01262,ChiCTR2000031327
tri01263,ChiCTR2000031174
tri01264,EUCTR2020-001723-13-FR
tri01265,EUCTR2020-001198-55-DK
tri01266,EUCTR2020-001686-36-FR
tri01267,EUCTR2020-001823-15-FR
tri01268,EUCTR2020-001722-66-ES
tri01269,EUCTR2020-001505-22-ES
tri01270,EUCTR2020-001717-20-ES
tri01271,EUCTR2020-001541-39-ES
tri01272,EUCTR2020-001618-39-ES
tri01273,EUCTR2020-001408-41-DE
tri01274,EUCTR2020-001345-38-GR
tri01275,NCT04273763
tri01276,NCT04318301
tri01277,NCT04321096
tri01278,NCT04328441
tri01279,NCT04328480
tri01280,NCT04329923
tri01281,NCT04334928
tri01282,NCT04335071
tri01283,NCT04338958
tri01284,NCT04344249
tri01285,NCT04344457
tri01286,NCT04345848
tri01287,NCT04347226
tri01288,NCT04348435
tri01289,NCT04349631
tri01290,NCT04351191
tri01291,NCT04352465
tri01292,NCT04353271
tri01293,NCT04355611
tri01294,NCT04356833
tri01295,NCT04356950
tri01296,NCT04358939
tri01297,NCT04359225
tri01298,NCT04359654
tri01299,NCT04359706
tri01300,NCT04359797
tri01301,NCT04359810
tri01302,NCT04361123
tri01303,NCT04361643
tri01304,NCT04361877
tri01305,NCT04361942
tri01306,NCT04362176
tri01307,NCT04362267
tri01308,NCT04362345
tri01309,NCT04363034
tri01310,NCT04363047
tri01311,NCT04363060
tri01312,NCT04363450
tri01313,NCT04364828
tri01314,NCT04365231
tri01315,NCT04365309
tri01316,NCT04365530
tri01317,NCT04365608
tri01318,NCT04365816
tri01319,NCT04366024
tri01320,NCT04366063
tri01321,NCT04366089
tri01322,NCT04366154
tri01323,NCT04366167
tri01324,NCT04366180
tri01325,NCT04366206
tri01326,NCT04366297
tri01327,NCT04366739
tri01328,NCT04366752
tri01329,NCT04366817
tri01330,NCT04366856
tri01331,NCT04366882
tri01332,NCT04366908
tri01333,NCT04366921
tri01334,NCT04366947
tri01335,NCT04367064
tri01336,NCT04367129
tri01337,NCT04367142
tri01338,NCT04367350
tri01339,NCT04367363
tri01340,NCT04367402
tri01341,NCT04367636
tri01342,NCT04367714
tri01343,NCT04367792
tri01344,NCT04367805
tri01345,NCT04367857
tri01346,NCT04367896
tri01347,NCT04368013
tri01348,NCT04368065
tri01349,NCT04368143
tri01350,NCT04368156
tri01351,NCT04368208
tri01352,NCT04368234
tri01353,NCT04368260
tri01354,NCT04368299
tri01355,NCT04368312
tri01356,NCT04368338
tri01357,NCT04368351
tri01358,NCT04368377
tri01359,NCT04368390
tri01360,NCT04368676
tri01361,NCT04368884
tri01362,NCT04368975
tri01363,NCT04369274
tri01364,NCT04369300
tri01365,NCT04369365
tri01366,NCT04369378
tri01367,NCT04369469
tri01368,NCT04369690
tri01369,NCT04369794
tri01370,NCT04369807
tri01371,NCT04369989
tri01372,NCT04370197
tri01373,NCT04370249
tri01374,NCT04370275
tri01375,NCT04370938
tri01376,NCT04371289
tri01377,NCT04371315
tri01378,NCT04371523
tri01379,NCT04371692
tri01380,NCT04372043
tri01381,NCT04372199
tri01382,NCT04372368
tri01383,ACTRN12620000487910
tri01384,ACTRN12620000524998
tri01385,ChiCTR2000032770
tri01386,ChiCTR2000032769
tri01387,ChiCTR2000032768
tri01388,ChiCTR2000032767
tri01389,ChiCTR2000032743
tri01390,ChiCTR2000032737
tri01391,ChiCTR2000032717
tri01392,ChiCTR2000032716
tri01393,ChiCTR2000032686
tri01394,ChiCTR2000032666
tri01395,ChiCTR2000032635
tri01396,ISRCTN68026880
tri01397,EUCTR2020-001700-42-FR
tri01398,EUCTR2020-001635-27-FR
tri01399,EUCTR2020-001766-11-FR
tri01400,EUCTR2020-001370-30-GB
tri01401,EUCTR2020-001709-21-FR
tri01402,EUCTR2020-001768-27-FR
tri01403,EUCTR2020-001598-66-FR
tri01404,EUCTR2020-001786-36-GB
tri01405,EUCTR2020-001632-10-DE
tri01406,EUCTR2020-001783-28-HU
tri01407,EUCTR2020-000705-86-ES
tri01408,EUCTR2020-001891-14-ES
tri01409,EUCTR2020-001825-29-ES
tri01410,EUCTR2020-002032-69-ES
tri01411,EUCTR2020-001697-30-ES
tri01412,EUCTR2020-001603-16-ES
tri01413,EUCTR2020-001375-32-NL
tri01414,EUCTR2020-001994-66-ES
tri01415,EUCTR2020-001934-37-ES
tri01416,EUCTR2020-002123-11-ES
tri01417,EUCTR2020-001474-29-ES
tri01418,EUCTR2020-001953-36-ES
tri01419,NCT04324489
tri01420,NCT04333550
tri01421,NCT04337047
tri01422,NCT04337359
tri01423,NCT04342702
tri01424,NCT04343768
tri01425,NCT04345614
tri01426,NCT04346667
tri01427,NCT04350320
tri01428,NCT04354597
tri01429,NCT04354701
tri01430,NCT04354766
tri01431,NCT04358926
tri01432,NCT04359212
tri01433,NCT04359602
tri01434,NCT04360122
tri01435,NCT04361032
tri01436,NCT04364815
tri01437,NCT04366765
tri01438,NCT04369456
tri01439,NCT04369820
tri01440,NCT04369859
tri01441,NCT04370171
tri01442,NCT04370288
tri01443,NCT04371302
tri01444,NCT04371367
tri01445,NCT04371406
tri01446,NCT04371510
tri01447,NCT04371562
tri01448,NCT04371601
tri01449,NCT04371679
tri01450,NCT04371835
tri01451,NCT04371848
tri01452,NCT04371965
tri01453,NCT04371978
tri01454,NCT04372030
tri01455,NCT04372082
tri01456,NCT04372472
tri01457,NCT04372576
tri01458,NCT04372602
tri01459,NCT04372680
tri01460,NCT04372693
tri01461,NCT04373005
tri01462,NCT04373109
tri01463,NCT04373148
tri01464,NCT04373213
tri01465,NCT04373291
tri01466,NCT04373382
tri01467,NCT04373486
tri01468,NCT04373824
tri01469,NCT04374058
tri01470,NCT04374071
tri01471,NCT04374123
tri01472,NCT04374149
tri01473,NCT04374422
tri01474,NCT04374474
tri01475,NCT04374487
tri01476,NCT04374539
tri01477,NCT04374552
tri01478,NCT04374695
tri01479,NCT04374903
tri01480,NCT04375176
tri01481,NCT04375202
tri01482,NCT04251871
tri01483,NCT04280705
tri01484,NCT04322513
tri01485,NCT04326790
tri01486,NCT04333225
tri01487,NCT04333355
tri01488,NCT04333732
tri01489,NCT04336332
tri01490,NCT04336774
tri01491,NCT04340232
tri01492,NCT04341441
tri01493,NCT04341870
tri01494,NCT04342806
tri01495,NCT04343898
tri01496,NCT04343989
tri01497,NCT04344041
tri01498,NCT04346082
tri01499,NCT04348071
tri01500,NCT04349098
tri01501,NCT04351906
tri01502,NCT04353141
tri01503,NCT04353583
tri01504,NCT04354610
tri01505,NCT04355637
tri01506,NCT04356885
tri01507,NCT04357314
tri01508,NCT04357990
tri01509,NCT04359121
tri01510,NCT04359927
tri01511,NCT04362969
tri01512,NCT04363008
tri01513,NCT04363216
tri01514,NCT04363437
tri01515,NCT04363593
tri01516,NCT04365972
tri01517,NCT04366934
tri01518,NCT04367207
tri01519,NCT04368637
tri01520,NCT04370015
tri01521,NCT04370678
tri01522,NCT04371250
tri01523,NCT04371640
tri01524,NCT04372004
tri01525,NCT04373161
tri01526,NCT04373889
tri01527,NCT04374019
tri01528,NCT04374032
tri01529,NCT04374045
tri01530,NCT04374097
tri01531,NCT04374110
tri01532,NCT04374279
tri01533,NCT04374370
tri01534,NCT04374617
tri01535,NCT04374838
tri01536,NCT04374942
tri01537,NCT04375137
tri01538,NCT04375644
tri01539,NCT04375748
tri01540,NCT04375774
tri01541,NCT04376398
tri01542,NCT04376515
tri01543,NCT04376593
tri01544,NCT04376710
tri01545,NCT04376788
tri01546,NCT04376853
tri01547,NCT04376905
tri01548,NCT04376944
tri01549,NCT04376996
tri01550,NCT04377035
tri01551,NCT04377074
tri01552,NCT04377308
tri01553,NCT04377412
tri01554,NCT04377425
tri01555,NCT04377464
tri01556,NCT04377477
tri01557,NCT04377503
tri01558,NCT04377581
tri01559,NCT04377646
tri01560,NCT04377750
tri01561,NCT04377763
tri01562,NCT04377802
tri01563,NCT04377815
tri01564,NCT04377997
tri01565,NCT04378244
tri01566,NCT04378257
tri01567,NCT04378452
tri01568,NCT04378595
tri01569,NCT04378829
tri01570,NCT04378881
tri01571,NCT04379037
tri01572,NCT04379089
tri01573,NCT04379154
tri01574,NCT04379232
tri01575,NCT04379245
tri01576,NCT04379297
tri01577,NCT04379336
tri01578,NCT04379440
tri01579,NCT04379466
tri01580,NCT04379479
tri01581,NCT04379518
tri01582,NCT04379661
tri01583,NCT04380519
tri01584,NCT04380870
tri01585,NCT04380948
tri01586,ISRCTN87832712
tri01587,ISRCTN20867558
tri01588,ISRCTN97041334
tri01589,ISRCTN10666798
tri01590,ChiCTR2000033003
tri01591,ChiCTR2000032919
tri01592,ChiCTR2000032915
tri01593,ChiCTR2000032895
tri01594,ChiCTR2000032884
tri01595,ChiCTR2000032842
tri01596,ChiCTR2000030262
tri01597,ChiCTR2000029638
tri01598,ChiCTR2000029605
tri01599,ACTRN12620000555954
tri01600,ACTRN12620000554965
tri01601,ACTRN12620000557932
tri01602,ACTRN12620000566932
tri01603,IRCT20200314046764N1
tri01604,IRCT20150303021315N17
tri01605,IRCT20200312046749N1
tri01606,IRCT20190727044343N2
tri01607,IRCT20171122037571N2
tri01608,IRCT20200324046850N2
tri01609,IRCT20200323046841N1
tri01610,IRCT20200322046833N1
tri01611,IRCT20160131026298N2
tri01612,IRCT20190804044429N1
tri01613,IRCT20160313027033N2
tri01614,IRCT20200204046369N1
tri01615,IRCT20180712040449N2
tri01616,IRCT20130812014333N145
tri01617,IRCT20200325046859N1
tri01618,IRCT20161204031229N3
tri01619,IRCT20151228025732N51
tri01620,IRCT20130917014693N10
tri01621,IRCT20180610040049N4
tri01622,IRCT20130812014333N147
tri01623,IRCT20081019001369N2
tri01624,IRCT20200402046923N1
tri01625,IRCT20200328046886N1
tri01626,IRCT20131215015805N2
tri01627,IRCT20200404046933N1
tri01628,IRCT20200404046937N1
tri01629,IRCT20080901001157N16
tri01630,IRCT20200404046934N1
tri01631,IRCT20200403046926N1
tri01632,IRCT20151228025732N53
tri01633,IRCT20130306012728N8
tri01634,IRCT20180429039463N2
tri01635,IRCT20200404046935N1
tri01636,IRCT20151227025726N14
tri01637,IRCT20200405046958N1
tri01638,IRCT20200406046965N1
tri01639,IRCT20200405046960N1
tri01640,IRCT20200318046812N2
tri01641,IRCT20200317046797N4
tri01642,IRCT20200404046948N1
tri01643,IRCT20180520039738N2
tri01644,IRCT20081019001369N4
tri01645,IRCT20081019001369N3
tri01646,IRCT20200408046992N1
tri01647,IRCT20200408046987N1
tri01648,IRCT20180129038542N1
tri01649,IRCT20200317046797N3
tri01650,IRCT20200317046797N5
tri01651,IRCT20200404046937N2
tri01652,IRCT20180923041093N5
tri01653,IRCT20160131026298N3
tri01654,IRCT20200406046968N1
tri01655,IRCT20150808023559N20
tri01656,IRCT20130616013690N7
tri01657,IRCT20200410047009N1
tri01658,IRCT20200409047007N1
tri01659,IRCT20200408046990N1
tri01660,IRCT20200411047025N1
tri01661,IRCT20080901001165N46
tri01662,IRCT20200406046963N1
tri01663,IRCT20190122042450N4
tri01664,IRCT20200411047030N1
tri01665,IRCT20200406046968N2
tri01666,IRCT20200413047053N1
tri01667,IRCT20081019001369N5
tri01668,IRCT20200408046988N1
tri01669,IRCT20200413047062N1
tri01670,IRCT20191125045492N2
tri01671,IRCT20200406046968N3
tri01672,IRCT20200413047063N1
tri01673,IRCT20200413047052N1
tri01674,IRCT20200414047072N1
tri01675,IRCT20200414047070N1
tri01676,IRCT20170210032478N3
tri01677,IRCT20200415047082N1
tri01678,IRCT20200413047056N1
tri01679,IRCT20200418047116N1
tri01680,IRCT20200415047089N1
tri01681,IRCT20200415047092N1
tri01682,IRCT20200416047104N1
tri01683,IRCT20200417047113N1
tri01684,IRCT20200416047099N1
tri01685,IRCT20200418047122N1
tri01686,IRCT20200418047121N2
tri01687,IRCT20140407017169N2
tri01688,IRCT20200329046892N1
tri01689,IRCT20080901001165N48
tri01690,IRCT20151222025660N2
tri01691,IRCT20200420047147N1
tri01692,IRCT20200421047155N1
tri01693,IRCT20080901001165N49
tri01694,IRCT20200422047168N1
tri01695,IRCT20200408046990N2
tri01696,IRCT20180114038350N3
tri01697,IRCT20200426047206N1
tri01698,IRCT20120215009014N353
tri01699,IRCT20140305016852N4
tri01700,IRCT20180425039414N2
tri01701,IRCT20200427047215N1
tri01702,IRCT20121216011763N46
tri01703,IRCT20200426047212N1
tri01704,IRCT20080901001165N50
tri01705,IRCT20080901001165N51
tri01706,IRCT20200418047121N1
tri01707,IRCT20150808023559N21
tri01708,IRCT20200501047258N1
tri01709,IRCT20131129015584N2
tri01710,IRCT20080901001165N52
tri01711,IRCT20160706028815N5
tri01712,IRCT20171213037866N2
tri01713,IRCT20200326046868N1
tri01714,IRCT20200508047346N1
tri01715,IRCT20120215009014N354
tri01716,KCT0005005
tri01717,KCT0005003
tri01718,JPRN-UMIN000039873
tri01719,JPRN-UMIN000040162
tri01720,JPRN-UMIN000040193
tri01721,JPRN-UMIN000040211
tri01722,JPRN-UMIN000040235
tri01723,JPRN-UMIN000040250
tri01724,JPRN-UMIN000040278
tri01725,JPRN-UMIN000040286
tri01726,JPRN-UMIN000040289
tri01727,JPRN-UMIN000040295
tri01728,JPRN-UMIN000040335
tri01729,JPRN-UMIN000040401
tri01730,CTRI/2020/03/024402
tri01731,CTRI/2020/04/024442
tri01732,CTRI/2020/04/024413
tri01733,CTRI/2020/04/024473
tri01734,CTRI/2020/04/024479
tri01735,CTRI/2020/04/024636
tri01736,CTRI/2020/04/024659
tri01737,CTRI/2020/04/024697
tri01738,CTRI/2020/04/024731
tri01739,CTRI/2020/04/024729
tri01740,CTRI/2020/04/024772
tri01741,CTRI/2020/04/024747
tri01742,CTRI/2020/04/024775
tri01743,CTRI/2020/04/024749
tri01744,CTRI/2020/04/024806
tri01745,CTRI/2020/04/024804
tri01746,CTRI/2020/04/024776
tri01747,CTRI/2020/04/024784
tri01748,CTRI/2020/04/024805
tri01749,CTRI/2020/04/024833
tri01750,CTRI/2020/04/024846
tri01751,CTRI/2020/04/024857
tri01752,CTRI/2020/04/024859
tri01753,CTRI/2020/04/024858
tri01754,CTRI/2020/04/024882
tri01755,CTRI/2020/04/024904
tri01756,CTRI/2020/04/024883
tri01757,CTRI/2020/04/024914
tri01758,CTRI/2020/04/024915
tri01759,CTRI/2020/04/024948
tri01760,CTRI/2020/04/024949
tri01761,CTRI/2020/04/024947
tri01762,CTRI/2020/05/024967
tri01763,CTRI/2020/05/024959
tri01764,CTRI/2020/05/024969
tri01765,CTRI/2020/05/024962
tri01766,CTRI/2020/05/024981
tri01767,CTRI/2020/05/024982
tri01768,CTRI/2020/05/024983
tri01769,CTRI/2020/05/024984
tri01770,CTRI/2020/05/025010
tri01771,CTRI/2020/05/024989
tri01772,CTRI/2020/05/024986
tri01773,CTRI/2020/05/025013
tri01774,CTRI/2020/05/025022
tri01775,CTRI/2020/05/025067
tri01776,CTRI/2020/05/025041
tri01777,CTRI/2020/05/025049
tri01778,CTRI/2020/05/025069
tri01779,CTRI/2020/05/025070
tri01780,CTRI/2020/05/025068
tri01781,CTRI/2020/05/025071
tri01782,CTRI/2020/05/025088
tri01783,CTRI/2020/05/025089
tri01784,CTRI/2020/05/025093
tri01785,CTRI/2020/05/025092
tri01786,CTRI/2020/05/025091
tri01787,CTRI/2020/05/025114
tri01788,CTRI/2020/05/025156
tri01789,CTRI/2020/05/025162
tri01790,CTRI/2020/05/025161
tri01791,CTRI/2020/05/025166
tri01792,CTRI/2020/05/025178
tri01793,CTRI/2020/05/025167
tri01794,CTRI/2020/05/025171
tri01795,NCT04273321
tri01796,NCT04278963
tri01797,NCT04310865
tri01798,NCT04322396
tri01799,NCT04334512
tri01800,NCT04335084
tri01801,NCT04340219
tri01802,NCT04340544
tri01803,NCT04344015
tri01804,NCT04346147
tri01805,NCT04346199
tri01806,NCT04347915
tri01807,NCT04353323
tri01808,NCT04354389
tri01809,NCT04355871
tri01810,NCT04356690
tri01811,NCT04365985
tri01812,NCT04366271
tri01813,NCT04370821
tri01814,NCT04372056
tri01815,NCT04373135
tri01816,NCT04375046
tri01817,NCT04375709
tri01818,NCT04376476
tri01819,NCT04377490
tri01820,NCT04377607
tri01821,NCT04378686
tri01822,NCT04379271
tri01823,NCT04379453
tri01824,NCT04379492
tri01825,NCT04379544
tri01826,NCT04380376
tri01827,NCT04380688
tri01828,NCT04380714
tri01829,NCT04380727
tri01830,NCT04380766
tri01831,NCT04380779
tri01832,NCT04380792
tri01833,NCT04380909
tri01834,NCT04380935
tri01835,NCT04380987
tri01836,NCT04381000
tri01837,NCT04381052
tri01838,NCT04381273
tri01839,NCT04381286
tri01840,NCT04381312
tri01841,NCT04381338
tri01842,NCT04381364
tri01843,NCT04381377
tri01844,NCT04381819
tri01845,NCT04381858
tri01846,NCT04381871
tri01847,NCT04382092
tri01848,NCT04382131
tri01849,NCT04382196
tri01850,NCT04382235
tri01851,NCT04382469
tri01852,NCT04382534
tri01853,NCT04382560
tri01854,NCT04382625
tri01855,NCT04382729
tri01856,NCT04382755
tri01857,NCT04382781
tri01858,NCT04382846
tri01859,NCT04382924
tri01860,NCT04383002
tri01861,NCT04383574
tri01862,NCT04383587
tri01863,NCT04383626
tri01864,NCT04383652
tri01865,NCT04383886
tri01866,NCT04384029
tri01867,NCT04384250
tri01868,NCT04384380
tri01869,NCT04384419
tri01870,NCT04384471
tri01871,NCT04384549
tri01872,NCT04384588
tri01873,NCT04385212
tri01874,NCT04385576
tri01875,NCT04278404
tri01876,NCT04307459
tri01877,NCT04311398
tri01878,NCT04323644
tri01879,NCT04324684
tri01880,NCT04328961
tri01881,NCT04331886
tri01882,NCT04334148
tri01883,NCT04335097
tri01884,NCT04335162
tri01885,NCT04339998
tri01886,NCT04340050
tri01887,NCT04340349
tri01888,NCT04341415
tri01889,NCT04342728
tri01890,NCT04344002
tri01891,NCT04344119
tri01892,NCT04345159
tri01893,NCT04347538
tri01894,NCT04350476
tri01895,NCT04352348
tri01896,NCT04352751
tri01897,NCT04352933
tri01898,NCT04353206
tri01899,NCT04354259
tri01900,NCT04354831
tri01901,NCT04355624
tri01902,NCT04357431
tri01903,NCT04357457
tri01904,NCT04358029
tri01905,NCT04361565
tri01906,NCT04362085
tri01907,NCT04362930
tri01908,NCT04363333
tri01909,NCT04364009
tri01910,NCT04364698
tri01911,NCT04364802
tri01912,NCT04365166
tri01913,NCT04365257
tri01914,NCT04365335
tri01915,NCT04365517
tri01916,NCT04365725
tri01917,NCT04367077
tri01918,NCT04368221
tri01919,NCT04378712
tri01920,NCT04378777
tri01921,NCT04378920
tri01922,NCT04379076
tri01923,NCT04379258
tri01924,NCT04380896
tri01925,NCT04381988
tri01926,NCT04382391
tri01927,NCT04383470
tri01928,NCT04384042
tri01929,NCT04384614
tri01930,NCT04384731
tri01931,NCT04384887
tri01932,NCT04384900
tri01933,NCT04384926
tri01934,NCT04385017
tri01935,NCT04385043
tri01936,NCT04385069
tri01937,NCT04385095
tri01938,NCT04385108
tri01939,NCT04385121
tri01940,NCT04385199
tri01941,NCT04385264
tri01942,NCT04385771
tri01943,NCT04385797
tri01944,NCT04385823
tri01945,NCT04385914
tri01946,NCT04386044
tri01947,NCT04386070
tri01948,NCT04386083
tri01949,NCT04386109
tri01950,NCT04386239
tri01951,NCT04386395
tri01952,NCT04386460
tri01953,NCT04386512
tri01954,NCT04386551
tri01955,NCT04386564
tri01956,NCT04386759
tri01957,NCT04387279
tri01958,NCT04387292
tri01959,NCT04387643
tri01960,NCT04387786
tri01961,NCT04387929
tri01962,NCT04387955
tri01963,NCT04387968
tri01964,NCT04388410
tri01965,NCT04388579
tri01966,NCT04388605
tri01967,NCT04388644
tri01968,NCT04388657
tri01969,NCT04388670
tri01970,NCT04389294
tri01971,NCT04389320
tri01972,NCT04389359
tri01973,NCT04389671
tri01974,NCT04390139
tri01975,NCT04390165
tri01976,NCT04390178
tri01977,NCT04390191
tri01978,NCT04394039
tri01979,ACTRN12620000445976
tri01980,ACTRN12620000580976
tri01981,ACTRN12620000588998
tri01982,ACTRN12620000571976
tri01983,ACTRN12620000575932
tri01984,ACTRN12620000579998
tri01985,ACTRN12620000590965
tri01986,ISRCTN40580903
tri01987,ISRCTN85216856
tri01988,ISRCTN44152751
tri01989,ChiCTR2000033200
tri01990,ChiCTR2000033198
tri01991,ChiCTR2000033197
tri01992,ChiCTR2000033190
tri01993,ChiCTR2000033186
tri01994,ChiCTR2000033133
tri01995,ChiCTR2000033108
tri01996,ChiCTR2000033107
tri01997,ChiCTR2000033105
tri01998,ChiCTR2000033104
tri01999,ChiCTR2000033057
tri02000,ChiCTR2000033056
tri02001,ChiCTR2000033055
tri02002,ChiCTR2000033054
tri02003,ChiCTR2000033053
tri02004,ChiCTR2000033052
tri02005,ChiCTR2000033050
tri02006,ChiCTR2000033049
tri02007,EUCTR2020-001805-21-GB
tri02008,EUCTR2020-001614-38-BE
tri02009,EUCTR2020-001770-30-BE
tri02010,EUCTR2020-001995-13-ES
tri02011,EUCTR2020-002274-28-ES
tri02012,EUCTR2020-001704-42-ES
tri02013,NCT04275388
tri02014,NCT04313127
tri02015,NCT04321993
tri02016,NCT04322565
tri02017,NCT04325893
tri02018,NCT04326387
tri02019,NCT04328129
tri02020,NCT04334252
tri02021,NCT04338932
tri02022,NCT04340921
tri02023,NCT04341389
tri02024,NCT04341935
tri02025,NCT04342182
tri02026,NCT04352699
tri02027,NCT04352842
tri02028,NCT04358783
tri02029,NCT04359537
tri02030,NCT04361253
tri02031,NCT04363346
tri02032,NCT04363502
tri02033,NCT04366960
tri02034,NCT04367831
tri02035,NCT04370782
tri02036,NCT04370808
tri02037,NCT04371952
tri02038,NCT04372979
tri02039,NCT04374513
tri02040,NCT04375124
tri02041,NCT04377685
tri02042,NCT04377724
tri02043,NCT04377789
tri02044,NCT04388436
tri02045,NCT04388631
tri02046,NCT04388683
tri02047,NCT04389333
tri02048,NCT04389372
tri02049,NCT04389385
tri02050,NCT04389463
tri02051,NCT04389645
tri02052,NCT04389658
tri02053,NCT04389684
tri02054,NCT04389801
tri02055,NCT04389944
tri02056,NCT04390061
tri02057,NCT04390152
tri02058,NCT04390217
tri02059,NCT04390269
tri02060,NCT04390412
tri02061,NCT04390464
tri02062,NCT04390477
tri02063,NCT04390503
tri02064,NCT04390555
tri02065,NCT04391400
tri02066,NCT04391686
tri02067,NCT04391712
tri02068,NCT04391829
tri02069,NCT04391881
tri02070,NCT04391920
tri02071,NCT04391946
tri02072,NCT04392089
tri02073,NCT04392141
tri02074,NCT04392245
tri02075,NCT04392323
tri02076,NCT04392388
tri02077,NCT04392401
tri02078,NCT04392427
tri02079,NCT04392453
tri02080,NCT04392713
tri02081,NCT04392778
tri02082,NCT04393961
tri02083,NCT04394000
tri02084,NCT04394026
tri02085,NCT04394169
tri02086,NCT04394182
tri02087,NCT04394195
tri02088,NCT04394208
tri02089,NCT04395833
tri02090,NCT04259892
tri02091,NCT04306393
tri02092,NCT04318314
tri02093,NCT04336761
tri02094,NCT04337346
tri02095,NCT04338828
tri02096,NCT04338945
tri02097,NCT04341675
tri02098,NCT04342637
tri02099,NCT04342663
tri02100,NCT04347681
tri02101,NCT04347928
tri02102,NCT04348240
tri02103,NCT04350736
tri02104,NCT04351399
tri02105,NCT04351633
tri02106,NCT04353011
tri02107,NCT04354714
tri02108,NCT04355143
tri02109,NCT04355533
tri02110,NCT04355897
tri02111,NCT04358081
tri02112,NCT04360837
tri02113,NCT04361214
tri02114,NCT04361344
tri02115,NCT04362189
tri02116,NCT04365153
tri02117,NCT04365348
tri02118,NCT04365361
tri02119,NCT04365764
tri02120,NCT04368000
tri02121,NCT04368845
tri02122,NCT04372628
tri02123,NCT04373096
tri02124,NCT04374656
tri02125,NCT04375501
tri02126,NCT04376580
tri02127,NCT04380402
tri02128,NCT04383678
tri02129,NCT04384406
tri02130,NCT04384445
tri02131,NCT04385147
tri02132,NCT04386265
tri02133,NCT04386447
tri02134,NCT04387240
tri02135,NCT04388618
tri02136,NCT04390022
tri02137,NCT04390074
tri02138,NCT04391101
tri02139,NCT04391738
tri02140,NCT04392128
tri02141,NCT04392232
tri02142,NCT04393038
tri02143,NCT04393051
tri02144,NCT04393155
tri02145,NCT04393402
tri02146,NCT04393428
tri02147,NCT04393558
tri02148,NCT04393727
tri02149,NCT04393792
tri02150,NCT04393805
tri02151,NCT04393818
tri02152,NCT04393974
tri02153,NCT04394013
tri02154,NCT04394390
tri02155,NCT04394403
tri02156,NCT04394429
tri02157,NCT04394442
tri02158,NCT04395144
tri02159,NCT04395456
tri02160,NCT04395664
tri02161,NCT04395742
tri02162,NCT04395755
tri02163,NCT04395768
tri02164,NCT04395794
tri02165,NCT04395885
tri02166,NCT04395911
tri02167,NCT04395976
tri02168,NCT04396106
tri02169,NCT04396197
tri02170,NCT04396210
tri02171,NCT04396314
tri02172,NCT04396600
tri02173,NCT04397172
tri02174,NCT04397237
tri02175,NCT04397328
tri02176,NCT04397380
tri02177,NCT04397523
tri02178,NCT04397588
tri02179,NCT04397614
tri02180,NCT04397666
tri02181,NCT04397705
tri02182,NCT04397822
tri02183,NCT04397835
tri02184,NCT04397848
tri02185,NCT04398264
tri02186,NCT04398277
tri02187,NCT04398290
tri02188,NCT04398303
tri02189,NCT04399746
tri02190,NCT04400032
tri02191,NCT04404634
tri02192,ACTRN12620000602921
tri02193,ACTRN12620000617965
tri02194,ACTRN12620000593932
tri02195,ACTRN12620000609954
tri02196,ACTRN12620000612910
tri02197,ChiCTR2000033433
tri02198,ChiCTR2000033372
tri02199,ChiCTR2000033364
tri02200,ChiCTR2000033347
tri02201,ChiCTR2000033346
tri02202,ChiCTR2000033345
tri02203,ChiCTR2000033342
tri02204,ChiCTR2000033323
tri02205,ChiCTR2000033320
tri02206,ChiCTR2000033319
tri02207,ChiCTR2000033318
tri02208,ChiCTR2000033317
tri02209,ChiCTR2000033286
tri02210,ChiCTR2000033284
tri02211,ChiCTR2000033261
tri02212,ChiCTR2000031539
tri02213,ChiCTR2000029479
tri02214,ISRCTN15254871
tri02215,ISRCTN13447477
tri02216,ISRCTN64783542
tri02217,ISRCTN30564012
tri02218,ISRCTN50212645
tri02219,ISRCTN44324934
tri02220,ISRCTN88057279
tri02221,ISRCTN10077335
tri02222,EUCTR2020-001644-25-FR
tri02223,EUCTR2020-001573-78-FR
tri02224,EUCTR2020-001754-21-FR
tri02225,EUCTR2020-001536-98-ES
tri02226,EUCTR2020-001673-75-FR
tri02227,EUCTR2020-001497-30-FR
tri02228,EUCTR2020-001739-28-BE
tri02229,EUCTR2020-001870-32-DK
tri02230,EUCTR2020-001623-13-GR
tri02231,EUCTR2020-002287-31-ES
tri02232,EUCTR2020-002037-15-ES
tri02233,EUCTR2020-001960-28-ES
tri02234,EUCTR2020-001841-38-ES
tri02235,EUCTR2020-001420-34-DK
tri02236,EUCTR2020-001732-10-DE
tri02237,EUCTR2020-001605-23-ES
tri02238,EUCTR2020-002312-43-ES
tri02239,EUCTR2020-001671-32-ES
tri02240,NCT03648372
tri02241,NCT04061382
tri02242,NCT04305457
tri02243,NCT04320511
tri02244,NCT04321278
tri02245,NCT04331600
tri02246,NCT04332107
tri02247,NCT04336956
tri02248,NCT04338347
tri02249,NCT04341766
tri02250,NCT04343742
tri02251,NCT04346693
tri02252,NCT04348370
tri02253,NCT04350450
tri02254,NCT04352634
tri02255,NCT04362995
tri02256,NCT04363814
tri02257,NCT04373811
tri02258,NCT04374591
tri02259,NCT04376658
tri02260,NCT04377737
tri02261,NCT04379375
tri02262,NCT04380532
tri02263,NCT04381351
tri02264,NCT04381884
tri02265,NCT04389996
tri02266,NCT04390594
tri02267,NCT04392869
tri02268,NCT04393415
tri02269,NCT04395105
tri02270,NCT04395482
tri02271,NCT04395781
tri02272,NCT04395872
tri02273,NCT04397497
tri02274,NCT04397575
tri02275,NCT04398004
tri02276,NCT04398147
tri02277,NCT04399109
tri02278,NCT04399252
tri02279,NCT04399356
tri02280,NCT04399603
tri02281,NCT04399681
tri02282,NCT04399798
tri02283,NCT04400006
tri02284,NCT04400058
tri02285,NCT04400305
tri02286,NCT04400461
tri02287,NCT04400799
tri02288,NCT04400812
tri02289,NCT04400838
tri02290,NCT04400890
tri02291,NCT04400929
tri02292,NCT04401072
tri02293,NCT04401098
tri02294,NCT04401111
tri02295,NCT04401124
tri02296,NCT04401150
tri02297,NCT04401202
tri02298,NCT04401228
tri02299,NCT04401241
tri02300,NCT04401254
tri02301,NCT04401371
tri02302,NCT04401410
tri02303,NCT04401423
tri02304,NCT04401527
tri02305,NCT04401540
tri02306,NCT04401644
tri02307,NCT04402203
tri02308,NCT04402229
tri02309,NCT04402814
tri02310,NCT04402840
tri02311,NCT04402983
tri02312,NCT04403009
tri02313,NCT04403035
tri02314,NCT04403269
tri02315,NCT04403438
tri02316,NCT04403477
tri02317,NCT04403555
tri02318,NCT04403581
tri02319,NCT04403906
tri02320,NCT04404192
tri02321,NCT04404218
tri02322,NCT04307693
tri02323,NCT04317040
tri02324,NCT04321421
tri02325,NCT04327206
tri02326,NCT04327570
tri02327,NCT04328467
tri02328,NCT04328493
tri02329,NCT04334629
tri02330,NCT04334850
tri02331,NCT04341610
tri02332,NCT04341714
tri02333,NCT04345289
tri02334,NCT04351516
tri02335,NCT04354428
tri02336,NCT04359264
tri02337,NCT04359693
tri02338,NCT04362059
tri02339,NCT04362150
tri02340,NCT04364594
tri02341,NCT04366115
tri02342,NCT04366141
tri02343,NCT04367337
tri02344,NCT04368988
tri02345,NCT04373200
tri02346,NCT04374526
tri02347,NCT04376879
tri02348,NCT04377659
tri02349,NCT04378582
tri02350,NCT04378803
tri02351,NCT04378842
tri02352,NCT04379063
tri02353,NCT04382417
tri02354,NCT04382547
tri02355,NCT04384497
tri02356,NCT04385004
tri02357,NCT04386291
tri02358,NCT04386720
tri02359,NCT04387890
tri02360,NCT04388527
tri02361,NCT04393324
tri02362,NCT04394104
tri02363,NCT04395391
tri02364,NCT04397692
tri02365,NCT04400448
tri02366,NCT04401046
tri02367,NCT04402892
tri02368,NCT04402905
tri02369,NCT04402918
tri02370,NCT04403061
tri02371,NCT04403243
tri02372,NCT04403646
tri02373,NCT04403672
tri02374,NCT04403685
tri02375,NCT04404062
tri02376,NCT04404179
tri02377,NCT04404244
tri02378,NCT04404426
tri02379,NCT04405102
tri02380,NCT04405271
tri02381,NCT04405310
tri02382,NCT04405362
tri02383,NCT04405492
tri02384,NCT04405843
tri02385,NCT04405869
tri02386,NCT04405999
tri02387,NCT04406038
tri02388,NCT04406064
tri02389,NCT04406090
tri02390,NCT04406233
tri02391,NCT04406246
tri02392,NCT04406324
tri02393,NCT04406389
tri02394,NCT04406493
tri02395,NCT04406532
tri02396,NCT04406571
tri02397,NCT04406688
tri02398,NCT04406844
tri02399,NCT04407221
tri02400,NCT04407273
tri02401,NCT04407286
tri02402,NCT04407299
tri02403,NCT04407429
tri02404,NCT04407468
tri02405,NCT04407507
tri02406,NCT04407533
tri02407,NCT04407598
tri02408,NCT04408014
tri02409,NCT04408027
tri02410,NCT04408040
tri02411,NCT04408222
tri02412,NCT04408235
tri02413,NCT04408365
tri02414,NCT04408391
tri02415,ACTRN12620000640909
tri02416,ACTRN12620000635965
tri02417,ACTRN12620000641998
tri02418,ACTRN12620000636954
tri02419,ACTRN12620000634976
tri02420,ACTRN12620000620921
tri02421,ChiCTR2000033627
tri02422,ChiCTR2000033609
tri02423,ChiCTR2000033580
tri02424,ChiCTR2000033517
tri02425,ChiCTR2000033514
tri02426,ChiCTR2000033491
tri02427,ISRCTN99248812
tri02428,ISRCTN15571919
tri02429,ISRCTN12107048
tri02430,ISRCTN11384058
tri02431,ISRCTN10437835
tri02432,ISRCTN43900695
tri02433,ISRCTN77353041
tri02434,EUCTR2020-001597-30-GB
tri02435,EUCTR2020-001546-19-BE
tri02436,EUCTR2020-002111-22-PL
tri02437,EUCTR2020-001904-41-GB
tri02438,EUCTR2020-002091-12-BG
tri02439,EUCTR2020-001849-39-SE
tri02440,EUCTR2020-001951-42-PL
tri02441,EUCTR2015-002340-14-NL
tri02442,EUCTR2020-001038-36-DE
tri02443,EUCTR2020-002130-33-BE
tri02444,NCT04283461
tri02445,NCT04292730
tri02446,NCT04292899
tri02447,NCT04320615
tri02448,NCT04322123
tri02449,NCT04322188
tri02450,NCT04323228
tri02451,NCT04329832
tri02452,NCT04334967
tri02453,NCT04335747
tri02454,NCT04336345
tri02455,NCT04337788
tri02456,NCT04344509
tri02457,NCT04344600
tri02458,NCT04344951
tri02459,NCT04347278
tri02460,NCT04348214
tri02461,NCT04348513
tri02462,NCT04351243
tri02463,NCT04355364
tri02464,NCT04355442
tri02465,NCT04357340
tri02466,NCT04359407
tri02467,NCT04363736
tri02468,NCT04363827
tri02469,NCT04365322
tri02470,NCT04370210
tri02471,NCT04370236
tri02472,NCT04370886
tri02473,NCT04373044
tri02474,NCT04374461
tri02475,NCT04377672
tri02476,NCT04384965
tri02477,NCT04385186
tri02478,NCT04385849
tri02479,NCT04389554
tri02480,NCT04391179
tri02481,NCT04393233
tri02482,NCT04396067
tri02483,NCT04397757
tri02484,NCT04397796
tri02485,NCT04401085
tri02486,NCT04401475
tri02487,NCT04402827
tri02488,NCT04402879
tri02489,NCT04403932
tri02490,NCT04405544
tri02491,NCT04405973
tri02492,NCT04405986
tri02493,NCT04406181
tri02494,NCT04406545
tri02495,NCT04407143
tri02496,NCT04407169
tri02497,NCT04407182
tri02498,NCT04407195
tri02499,NCT04407208
tri02500,NCT04407260
tri02501,NCT04407390
tri02502,NCT04407494
tri02503,NCT04407559
tri02504,NCT04407663
tri02505,NCT04407923
tri02506,NCT04408131
tri02507,NCT04408157
tri02508,NCT04408170
tri02509,NCT04408196
tri02510,NCT04408209
tri02511,NCT04408287
tri02512,NCT04408378
tri02513,NCT04408456
tri02514,NCT04409184
tri02515,NCT04409197
tri02516,NCT04409327
tri02517,NCT04409483
tri02518,NCT04409509
tri02519,NCT04409522
tri02520,NCT04409535
tri02521,NCT04409743
tri02522,NCT04409821
tri02523,NCT04409847
tri02524,NCT04409873
tri02525,NCT04409899
tri02526,NCT04409951
tri02527,NCT04410107
tri02528,NCT04410263
tri02529,NCT04410328
tri02530,NCT04410458
tri02531,NCT04410471
tri02532,NCT04410510
tri02533,NCT04410536
tri02534,NCT04410549
tri02535,NCT04410562
tri02536,NCT04410692
tri02537,NCT04410718
tri02538,NCT04410939
tri02539,NCT04411433
tri02540,NCT04411511
tri02541,NCT04411563
tri02542,NCT04411602
tri02543,NCT04411680
tri02544,NCT04412226
tri02545,NCT04412239
tri02546,NCT04412343
tri02547,NCT04412369
tri02548,NCT04412382
tri02549,NCT04412395
tri02550,NCT04412460
tri02551,NCT04412473
tri02552,NCT04412486
tri02553,NCT04413058
tri02554,NCT04413877
tri02555,NCT04306497
tri02556,NCT04311697
tri02557,NCT04315948
tri02558,NCT04326114
tri02559,NCT04327401
tri02560,NCT04327505
tri02561,NCT04327531
tri02562,NCT04332081
tri02563,NCT04333654
tri02564,NCT04336410
tri02565,NCT04339816
tri02566,NCT04340479
tri02567,NCT04341142
tri02568,NCT04343092
tri02569,NCT04343248
tri02570,NCT04345276
tri02571,NCT04345692
tri02572,NCT04347512
tri02573,NCT04347798
tri02574,NCT04347824
tri02575,NCT04348500
tri02576,NCT04352985
tri02577,NCT04355936
tri02578,NCT04356482
tri02579,NCT04358003
tri02580,NCT04359511
tri02581,NCT04359680
tri02582,NCT04359901
tri02583,NCT04361838
tri02584,NCT04367870
tri02585,NCT04371926
tri02586,NCT04372589
tri02587,NCT04374084
tri02588,NCT04374786
tri02589,NCT04382040
tri02590,NCT04382066
tri02591,NCT04382950
tri02592,NCT04384458
tri02593,NCT04385251
tri02594,NCT04385901
tri02595,NCT04385940
tri02596,NCT04389567
tri02597,NCT04389580
tri02598,NCT04392414
tri02599,NCT04393246
tri02600,NCT04394416
tri02601,NCT04395508
tri02602,NCT04395924
tri02603,NCT04400279
tri02604,NCT04403607
tri02605,NCT04408066
tri02606,NCT04408183
tri02607,NCT04408326
tri02608,NCT04409496
tri02609,NCT04409574
tri02610,NCT04409834
tri02611,NCT04410484
tri02612,NCT04411446
tri02613,NCT04411459
tri02614,NCT04411576
tri02615,NCT04411667
tri02616,NCT04411784
tri02617,NCT04412018
tri02618,NCT04412031
tri02619,NCT04412538
tri02620,NCT04412551
tri02621,NCT04412746
tri02622,NCT04412772
tri02623,NCT04412785
tri02624,NCT04413006
tri02625,NCT04413045
tri02626,NCT04413838
tri02627,NCT04413864
tri02628,NCT04413955
tri02629,NCT04413968
tri02630,NCT04414059
tri02631,NCT04414098
tri02632,NCT04414124
tri02633,NCT04414371
tri02634,NCT04414410
tri02635,NCT04414631
tri02636,NCT04414904
tri02637,NCT04415073
tri02638,NCT04415151
tri02639,NCT04416009
tri02640,NCT04416048
tri02641,NCT04416061
tri02642,NCT04416100
tri02643,NCT04416113
tri02644,NCT04416139
tri02645,NCT04416256
tri02646,NCT04416308
tri02647,NCT04416360
tri02648,NCT04416373
tri02649,NCT04416438
tri02650,NCT04416919
tri02651,NCT04417270
tri02652,NCT04417335
tri02653,NCT04418544
tri02654,NCT04418947
tri02655,NCT04419025
tri02656,ISRCTN14447421
tri02657,ISRCTN59048638
tri02658,ISRCTN55886926
tri02659,ISRCTN15324611
tri02660,ChiCTR2000033872
tri02661,ChiCTR2000033830
tri02662,ChiCTR2000033798
tri02663,ChiCTR2000033782
tri02664,ChiCTR2000033781
tri02665,ChiCTR2000033780
tri02666,ChiCTR2000033774
tri02667,ChiCTR2000033745
tri02668,ChiCTR2000033723
tri02669,ChiCTR2000033720
tri02670,ChiCTR2000033719
tri02671,ChiCTR2000033705
tri02672,EUCTR2020-001257-51-DK
tri02673,EUCTR2020-001363-85-DK
tri02674,EUCTR2020-001270-29-GB
tri02675,EUCTR2020-001376-15-DE
tri02676,EUCTR2020-001411-25-GB
tri02677,EUCTR2020-001498-63-BE
tri02678,EUCTR2020-001264-28-HU
tri02679,EUCTR2020-001937-11-GB
tri02680,EUCTR2020-001244-26-AT
tri02681,DRKS00021439
tri02682,DRKS00021443
tri02683,DRKS00021447
tri02684,DRKS00021416
tri02685,DRKS00021420
tri02686,DRKS00021424
tri02687,DRKS00021432
tri02688,DRKS00021468
tri02689,DRKS00021399
tri02690,DRKS00021395
tri02691,DRKS00021516
tri02692,DRKS00021521
tri02693,DRKS00021523
tri02694,DRKS00021522
tri02695,DRKS00021527
tri02696,DRKS00021506
tri02697,DRKS00021514
tri02698,DRKS00021574
tri02699,DRKS00021573
tri02700,DRKS00021575
tri02701,DRKS00021578
tri02702,DRKS00021537
tri02703,DRKS00021585
tri02704,DRKS00021588
tri02705,DRKS00021581
tri02706,DRKS00021582
tri02707,DRKS00021591
tri02708,DRKS00021206
tri02709,DRKS00021208
tri02710,DRKS00021214
tri02711,DRKS00021255
tri02712,DRKS00021254
tri02713,DRKS00021226
tri02714,DRKS00021225
tri02715,DRKS00021220
tri02716,DRKS00021231
tri02717,DRKS00021166
tri02718,DRKS00021161
tri02719,DRKS00021164
tri02720,DRKS00021145
tri02721,DRKS00021152
tri02722,DRKS00021153
tri02723,DRKS00021186
tri02724,DRKS00021301
tri02725,DRKS00021306
tri02726,DRKS00021289
tri02727,DRKS00021295
tri02728,DRKS00021297
tri02729,DRKS00021268
tri02730,DRKS00021276
tri02731,DRKS00021270
tri02732,DRKS00021273
tri02733,DRKS00021134
tri02734,DRKS00022057
tri02735,DRKS00022054
tri02736,DRKS00022067
tri02737,DRKS00022071
tri02738,DRKS00022083
tri02739,DRKS00022088
tri02740,DRKS00021815
tri02741,DRKS00021823
tri02742,DRKS00021810
tri02743,DRKS00021605
tri02744,DRKS00021611
tri02745,DRKS00021612
tri02746,DRKS00021638
tri02747,DRKS00021653
tri02748,DRKS00021630
tri02749,DRKS00021688
tri02750,DRKS00021680
tri02751,DRKS00021699
tri02752,DRKS00021698
tri02753,DRKS00021658
tri02754,DRKS00021664
tri02755,DRKS00021675
tri02756,DRKS00021677
tri02757,DRKS00021676
tri02758,DRKS00021671
tri02759,DRKS00021727
tri02760,DRKS00021729
tri02761,DRKS00021732
tri02762,DRKS00021706
tri02763,DRKS00021709
tri02764,DRKS00021757
tri02765,DRKS00021763
tri02766,DRKS00021772
tri02767,DRKS00021775
tri02768,DRKS00021740
tri02769,DRKS00021752
tri02770,DRKS00021791
tri02771,SLCTR/2020/011
tri02772,IRCT20200128046294N2
tri02773,IRCT20200314046774N1
tri02774,IRCT20200324046850N3
tri02775,IRCT20180923041093N3
tri02776,IRCT20180923041093N4
tri02777,IRCT20200324046850N1
tri02778,IRCT20200318046812N1
tri02779,IRCT20190810044500N5
tri02780,IRCT20180725040596N2
tri02781,IRCT20200404046947N1
tri02782,IRCT20151228025732N52
tri02783,IRCT20081027001411N3
tri02784,IRCT20091201002804N12
tri02785,IRCT20200217046526N1
tri02786,IRCT20200411047016N1
tri02787,IRCT20190727044343N3
tri02788,IRCT20200223046586N2
tri02789,IRCT20081019001369N6
tri02790,IRCT20091012002582N21
tri02791,IRCT20200325046859N2
tri02792,IRCT20190418043307N1
tri02793,IRCT20200411047019N1
tri02794,IRCT20150303021315N19
tri02795,IRCT20080901001165N59
tri02796,IRCT20200209046427N1
tri02797,IRCT20200428047228N1
tri02798,IRCT20200501047259N1
tri02799,IRCT20200115046144N2
tri02800,IRCT20131129015584N3
tri02801,IRCT20150107020592N25
tri02802,IRCT20200502047268N1
tri02803,IRCT20200503047280N1
tri02804,IRCT20200418047126N1
tri02805,IRCT20200405046951N1
tri02806,IRCT20170211032494N3
tri02807,IRCT20081011001323N25
tri02808,IRCT20200421047150N1
tri02809,IRCT20180923041093N6
tri02810,IRCT20200509047360N1
tri02811,IRCT20140428017469N1
tri02812,IRCT20200506047323N2
tri02813,IRCT20200509047373N1
tri02814,IRCT20151227025726N15
tri02815,IRCT20150716023235N15
tri02816,IRCT20200510047383N1
tri02817,IRCT20120215009014N355
tri02818,IRCT20200511047396N1
tri02819,IRCT20170731035423N2
tri02820,IRCT20090609002017N35
tri02821,IRCT20080901001165N55
tri02822,IRCT20080901001165N53
tri02823,IRCT20200428047228N2
tri02824,IRCT20080901001165N60
tri02825,IRCT20200506047323N1
tri02826,IRCT20080901001165N56
tri02827,IRCT20200405046960N2
tri02828,IRCT20200516047462N1
tri02829,IRCT20151227025726N17
tri02830,IRCT20200516047468N1
tri02831,IRCT20150107020592N23
tri02832,IRCT20160809029275N1
tri02833,IRCT20151226025699N3
tri02834,IRCT20180608040007N2
tri02835,IRCT20200517047485N1
tri02836,IRCT20150107020592N22
tri02837,IRCT20200518047497N1
tri02838,IRCT20200519047510N1
tri02839,IRCT20151227025726N18
tri02840,IRCT20161206031256N3
tri02841,IRCT20080901001165N58
tri02842,IRCT20160126026217N4
tri02843,IRCT20200422047168N2
tri02844,IRCT20200525047562N1
tri02845,IRCT20200523047550N1
tri02846,IRCT20150107020592N24
tri02847,IRCT20200518047497N2
tri02848,IRCT20120703010178N20
tri02849,IRCT20200412047042N1
tri02850,KCT0005105
tri02851,LBCTR2020043459
tri02852,JPRN-JapicCTI-205270
tri02853,JPRN-jRCT1032200025
tri02854,JPRN-jRCTs031190227
tri02855,JPRN-jRCTs031190269
tri02856,JPRN-jRCTs031200026
tri02857,JPRN-jRCTs032200044
tri02858,JPRN-jRCTs041190120
tri02859,JPRN-jRCTs061200002
tri02860,JPRN-UMIN000039997
tri02861,JPRN-UMIN000040219
tri02862,JPRN-UMIN000040333
tri02863,JPRN-UMIN000040341
tri02864,JPRN-UMIN000040353
tri02865,JPRN-UMIN000040405
tri02866,JPRN-UMIN000040407
tri02867,JPRN-UMIN000040451
tri02868,JPRN-UMIN000040453
tri02869,JPRN-UMIN000040479
tri02870,JPRN-UMIN000040516
tri02871,JPRN-UMIN000040520
tri02872,JPRN-UMIN000040563
tri02873,JPRN-UMIN000040587
tri02874,JPRN-UMIN000040598
tri02875,JPRN-UMIN000040602
tri02876,JPRN-UMIN000040614
tri02877,JPRN-UMIN000040616
tri02878,JPRN-UMIN000040617
tri02879,JPRN-UMIN000040679
tri02880,JPRN-UMIN000040683
tri02881,JPRN-UMIN000040694
tri02882,PACTR202004801273802
tri02883,PACTR202004693933092
tri02884,PACTR202004761408382
tri02885,PACTR202005599385499
tri02886,PACTR202004893013257
tri02887,PACTR202005681895696
tri02888,PACTR202005622389003
tri02889,PACTR202006717277937
tri02890,PACTR202006899597082
tri02891,RBR-6m69fc
tri02892,RBR-9pgwfc
tri02893,RBR-8969zg
tri02894,RBR-658khm
tri02895,RBR-6w5tbk
tri02896,RBR-3k4wxb
tri02897,RBR-3rdhgm
tri02898,RBR-4vm3yy
tri02899,RBR-62y3h7
tri02900,RBR-9y32yy
tri02901,RBR-9d8z6m
tri02902,RBR-2dxyx4
tri02903,RBR-43hbks
tri02904,RBR-949z6v
tri02905,RBR-876qb5
tri02906,RBR-4qjzh7
tri02907,RPCEC00000306
tri02908,RPCEC00000307
tri02909,RPCEC00000308
tri02910,RPCEC00000309
tri02911,RPCEC00000310
tri02912,RPCEC00000311
tri02913,RPCEC00000312
tri02914,RPCEC00000313
tri02915,RPCEC00000314
tri02916,RPCEC00000315
tri02917,RPCEC00000316
tri02918,RPCEC00000317
tri02919,RPCEC00000318
tri02920,RPCEC00000319
tri02921,RPCEC00000320
tri02922,TCTR20200601002
tri02923,TCTR20200527001
tri02924,TCTR20200514001
tri02925,TCTR20200426002
tri02926,TCTR20200425001
tri02927,TCTR20200409006
tri02928,TCTR20200405001
tri02929,TCTR20200404004
tri02930,TCTR20200401002
tri02931,TCTR20200324001
tri02932,TCTR20200321001
tri02933,NCT04315298
tri02934,NCT04316377
tri02935,NCT04321928
tri02936,NCT04335279
tri02937,NCT04335305
tri02938,NCT04335851
tri02939,NCT04339426
tri02940,NCT04345653
tri02941,NCT04346420
tri02942,NCT04346589
tri02943,NCT04347382
tri02944,NCT04348656
tri02945,NCT04348942
tri02946,NCT04350073
tri02947,NCT04351139
tri02948,NCT04351581
tri02949,NCT04355702
tri02950,NCT04357041
tri02951,NCT04357444
tri02952,NCT04359667
tri02953,NCT04366323
tri02954,NCT04367545
tri02955,NCT04367662
tri02956,NCT04368728
tri02957,NCT04370223
tri02958,NCT04371328
tri02959,NCT04371744
tri02960,NCT04372017
tri02961,NCT04374565
tri02962,NCT04379310
tri02963,NCT04381923
tri02964,NCT04381962
tri02965,NCT04382495
tri02966,NCT04387838
tri02967,NCT04393636
tri02968,NCT04395807
tri02969,NCT04397510
tri02970,NCT04401293
tri02971,NCT04401436
tri02972,NCT04402060
tri02973,NCT04403100
tri02974,NCT04403828
tri02975,NCT04404270
tri02976,NCT04408001
tri02977,NCT04412265
tri02978,NCT04412356
tri02979,NCT04413747
tri02980,NCT04415086
tri02981,NCT04415879
tri02982,NCT04416399
tri02983,NCT04417374
tri02984,NCT04418128
tri02985,NCT04418193
tri02986,NCT04418206
tri02987,NCT04418245
tri02988,NCT04418375
tri02989,NCT04418505
tri02990,NCT04418518
tri02991,NCT04418531
tri02992,NCT04418557
tri02993,NCT04418609
tri02994,NCT04419571
tri02995,NCT04419623
tri02996,NCT04420182
tri02997,NCT04420260
tri02998,NCT04420273
tri02999,NCT04420286
tri03000,NCT04420364
tri03001,NCT04420390
tri03002,NCT04420416
tri03003,NCT04420468
tri03004,NCT04420637
tri03005,NCT04420676
tri03006,NCT04420806
tri03007,NCT04420988
tri03008,NCT04421391
tri03009,NCT04421534
tri03010,NCT04421625
tri03011,NCT04421664
tri03012,NCT04422379
tri03013,NCT04422418
tri03014,NCT04422535
tri03015,NCT04422691
tri03016,NCT04422769
tri03017,NCT04423042
tri03018,NCT04423315
tri03019,NCT04423692
tri03020,NCT04424134
tri03021,NCT04425616
tri03022,NCT03376854
tri03023,NCT04193878
tri03024,NCT04303507
tri03025,NCT04315987
tri03026,NCT04322682
tri03027,NCT04325906
tri03028,NCT04331795
tri03029,NCT04334460
tri03030,NCT04335786
tri03031,NCT04337320
tri03032,NCT04337996
tri03033,NCT04338074
tri03034,NCT04341116
tri03035,NCT04341922
tri03036,NCT04342884
tri03037,NCT04343651
tri03038,NCT04344145
tri03039,NCT04344288
tri03040,NCT04344925
tri03041,NCT04344977
tri03042,NCT04345861
tri03043,NCT04346121
tri03044,NCT04346628
tri03045,NCT04347174
tri03046,NCT04347239
tri03047,NCT04348409
tri03048,NCT04348552
tri03049,NCT04351152
tri03050,NCT04351503
tri03051,NCT04353596
tri03052,NCT04355351
tri03053,NCT04356495
tri03054,NCT04358588
tri03055,NCT04360278
tri03056,NCT04361474
tri03057,NCT04362813
tri03058,NCT04363606
tri03059,NCT04365595
tri03060,NCT04366232
tri03061,NCT04366245
tri03062,NCT04368871
tri03063,NCT04369599
tri03064,NCT04373798
tri03065,NCT04375098
tri03066,NCT04375735
tri03067,NCT04377711
tri03068,NCT04379531
tri03069,NCT04380961
tri03070,NCT04381013
tri03071,NCT04382768
tri03072,NCT04383899
tri03073,NCT04385160
tri03074,NCT04386694
tri03075,NCT04386850
tri03076,NCT04388813
tri03077,NCT04389450
tri03078,NCT04389489
tri03079,NCT04389515
tri03080,NCT04390516
tri03081,NCT04391127
tri03082,NCT04391166
tri03083,NCT04393142
tri03084,NCT04394078
tri03085,NCT04395170
tri03086,NCT04399980
tri03087,NCT04400877
tri03088,NCT04403880
tri03089,NCT04405466
tri03090,NCT04407546
tri03091,NCT04409249
tri03092,NCT04409886
tri03093,NCT04410016
tri03094,NCT04410835
tri03095,NCT04412252
tri03096,NCT04412278
tri03097,NCT04412655
tri03098,NCT04414293
tri03099,NCT04414618
tri03100,NCT04415359
tri03101,NCT04416334
tri03102,NCT04420299
tri03103,NCT04422353
tri03104,NCT04422509
tri03105,NCT04422522
tri03106,NCT04422574
tri03107,NCT04422587
tri03108,NCT04422613
tri03109,NCT04422626
tri03110,NCT04422678
tri03111,NCT04422873
tri03112,NCT04423003
tri03113,NCT04423289
tri03114,NCT04423640
tri03115,NCT04423770
tri03116,NCT04423861
tri03117,NCT04423991
tri03118,NCT04424004
tri03119,NCT04424017
tri03120,NCT04424082
tri03121,NCT04424771
tri03122,NCT04424797
tri03123,NCT04424849
tri03124,NCT04424901
tri03125,NCT04424992
tri03126,NCT04425005
tri03127,NCT04425044
tri03128,NCT04425317
tri03129,NCT04425382
tri03130,NCT04425460
tri03131,NCT04425499
tri03132,NCT04425538
tri03133,NCT04425707
tri03134,NCT04425733
tri03135,NCT04425772
tri03136,NCT04425837
tri03137,NCT04425889
tri03138,NCT04425915
tri03139,NCT04426006
tri03140,NCT04426071
tri03141,NCT04426084
tri03142,NCT04426201
tri03143,NCT04426253
tri03144,NCT04426279
tri03145,NCT04426292
tri03146,NCT04426305
tri03147,NCT04426318
tri03148,NCT04426344
tri03149,NCT04427176
tri03150,NCT04427280
tri03151,NCT04427332
tri03152,NCT04427345
tri03153,NCT04427358
tri03154,NCT04427631
tri03155,NCT04427735
tri03156,NCT04428021
tri03157,NCT04428073
tri03158,NCT04428099
tri03159,NCT04428801
tri03160,NCT04429477
tri03161,NCT04429529
tri03162,NCT04429763
tri03163,NCT04429854
tri03164,ACTRN12620000501943
tri03165,ACTRN12620000500954
tri03166,ACTRN12620000674932
tri03167,ACTRN12620000676910
tri03168,ISRCTN89951424
tri03169,ISRCTN93266696
tri03170,ISRCTN94091479
tri03171,ISRCTN33578935
tri03172,ISRCTN40302986
tri03173,ISRCTN21363594
tri03174,ISRCTN28342533
tri03175,ISRCTN40092247
tri03176,ISRCTN16483855
tri03177,ChiCTR2000033980
tri03178,ChiCTR2000033960
tri03179,ChiCTR2000033936
tri03180,ChiCTR2000033919
tri03181,ChiCTR2000033899
tri03182,ChiCTR2000031707
tri03183,EUCTR2020-001243-15-BE
tri03184,EUCTR2020-001411-25-DE
tri03185,EUCTR2020-001636-95-GB
tri03186,EUCTR2020-002293-28-SE
tri03187,EUCTR2020-001889-10-GB
tri03188,EUCTR2020-002120-37-GB
tri03189,EUCTR2020-002233-15-DE
tri03190,EUCTR2020-001784-88-FI
tri03191,EUCTR2020-001497-30-GB
tri03192,EUCTR2020-001736-95-GB
tri03193,NCT04244591
tri03194,NCT04285190
tri03195,NCT04303299
tri03196,NCT04311177
tri03197,NCT04312009
tri03198,NCT04312243
tri03199,NCT04333914
tri03200,NCT04340414
tri03201,NCT04343781
tri03202,NCT04346446
tri03203,NCT04347408
tri03204,NCT04353128
tri03205,NCT04354818
tri03206,NCT04362319
tri03207,NCT04369066
tri03208,NCT04370262
tri03209,NCT04371029
tri03210,NCT04374643
tri03211,NCT04376814
tri03212,NCT04382053
tri03213,NCT04383535
tri03214,NCT04383730
tri03215,NCT04386369
tri03216,NCT04387214
tri03217,NCT04387409
tri03218,NCT04388709
tri03219,NCT04389476
tri03220,NCT04391140
tri03221,NCT04394455
tri03222,NCT04395716
tri03223,NCT04397562
tri03224,NCT04397900
tri03225,NCT04397939
tri03226,NCT04399733
tri03227,NCT04402944
tri03228,NCT04402957
tri03229,NCT04408339
tri03230,NCT04412057
tri03231,NCT04412317
tri03232,NCT04413071
tri03233,NCT04413435
tri03234,NCT04418284
tri03235,NCT04421404
tri03236,NCT04422340
tri03237,NCT04424355
tri03238,NCT04424836
tri03239,NCT04424940
tri03240,NCT04425213
tri03241,NCT04425252
tri03242,NCT04425759
tri03243,NCT04427267
tri03244,NCT04427865
tri03245,NCT04427878
tri03246,NCT04428268
tri03247,NCT04429334
tri03248,NCT04429555
tri03249,NCT04429711
tri03250,NCT04429724
tri03251,NCT04429815
tri03252,NCT04429828
tri03253,NCT04429867
tri03254,NCT04430062
tri03255,NCT04430608
tri03256,NCT04431180
tri03257,NCT04431284
tri03258,NCT04431297
tri03259,NCT04431310
tri03260,NCT04431453
tri03261,NCT04431466
tri03262,NCT04431856
tri03263,NCT04431908
tri03264,NCT04432272
tri03265,NCT04432324
tri03266,NCT04432948
tri03267,NCT04433000
tri03268,NCT04433039
tri03269,NCT04433286
tri03270,NCT04434131
tri03271,NCT04434157
tri03272,NCT02765191
tri03273,NCT03963622
tri03274,NCT04269525
tri03275,NCT04288102
tri03276,NCT04304053
tri03277,NCT04308668
tri03278,NCT04312997
tri03279,NCT04313023
tri03280,NCT04314232
tri03281,NCT04318366
tri03282,NCT04320472
tri03283,NCT04320732
tri03284,NCT04323592
tri03285,NCT04323761
tri03286,NCT04323800
tri03287,NCT04324463
tri03288,NCT04325646
tri03289,NCT04328285
tri03290,NCT04329533
tri03291,NCT04329611
tri03292,NCT04331366
tri03293,NCT04331899
tri03294,NCT04332991
tri03295,NCT04335136
tri03296,NCT04337918
tri03297,NCT04339790
tri03298,NCT04341285
tri03299,NCT04341688
tri03300,NCT04342689
tri03301,NCT04342897
tri03302,NCT04343261
tri03303,NCT04343729
tri03304,NCT04343976
tri03305,NCT04344561
tri03306,NCT04344587
tri03307,NCT04345419
tri03308,NCT04346277
tri03309,NCT04346355
tri03310,NCT04346615
tri03311,NCT04347954
tri03312,NCT04349241
tri03313,NCT04350593
tri03314,NCT04351347
tri03315,NCT04352491
tri03316,NCT04353180
tri03317,NCT04353284
tri03318,NCT04353336
tri03319,NCT04353674
tri03320,NCT04354441
tri03321,NCT04354519
tri03322,NCT04354792
tri03323,NCT04354805
tri03324,NCT04355728
tri03325,NCT04355767
tri03326,NCT04356534
tri03327,NCT04356937
tri03328,NCT04357028
tri03329,NCT04357535
tri03330,NCT04357639
tri03331,NCT04357730
tri03332,NCT04358068
tri03333,NCT04358380
tri03334,NCT04358549
tri03335,NCT04358835
tri03336,NCT04359277
tri03337,NCT04360824
tri03338,NCT04361396
tri03339,NCT04361552
tri03340,NCT04362137
tri03341,NCT04362332
tri03342,NCT04362865
tri03343,NCT04363203
tri03344,NCT04363385
tri03345,NCT04363463
tri03346,NCT04363853
tri03347,NCT04364737
tri03348,NCT04364763
tri03349,NCT04364893
tri03350,NCT04365101
tri03351,NCT04365582
tri03352,NCT04366778
tri03353,NCT04366791
tri03354,NCT04366986
tri03355,NCT04367740
tri03356,NCT04368897
tri03357,NCT04368923
tri03358,NCT04369742
tri03359,NCT04370834
tri03360,NCT04371354
tri03361,NCT04371393
tri03362,NCT04371419
tri03363,NCT04371432
tri03364,NCT04371471
tri03365,NCT04371822
tri03366,NCT04372186
tri03367,NCT04373460
tri03368,NCT04373707
tri03369,NCT04373733
tri03370,NCT04373759
tri03371,NCT04375397
tri03372,NCT04375761
tri03373,NCT04376684
tri03374,NCT04376775
tri03375,NCT04377100
tri03376,NCT04377334
tri03377,NCT04377568
tri03378,NCT04377620
tri03379,NCT04377776
tri03380,NCT04380818
tri03381,NCT04382586
tri03382,NCT04382651
tri03383,NCT04382794
tri03384,NCT04383444
tri03385,NCT04383457
tri03386,NCT04383613
tri03387,NCT04384055
tri03388,NCT04385238
tri03389,NCT04386252
tri03390,NCT04386616
tri03391,NCT04387656
tri03392,NCT04387760
tri03393,NCT04387799
tri03394,NCT04388826
tri03395,NCT04389411
tri03396,NCT04389710
tri03397,NCT04389840
tri03398,NCT04390126
tri03399,NCT04391309
tri03400,NCT04391816
tri03401,NCT04392219
tri03402,NCT04392973
tri03403,NCT04393311
tri03404,NCT04393948
tri03405,NCT04394117
tri03406,NCT04394377
tri03407,NCT04394793
tri03408,NCT04394884
tri03409,NCT04395300
tri03410,NCT04395859
tri03411,NCT04396353
tri03412,NCT04397718
tri03413,NCT04399005
tri03414,NCT04399317
tri03415,NCT04399889
tri03416,NCT04399967
tri03417,NCT04401449
tri03418,NCT04401579
tri03419,NCT04402866
tri03420,NCT04403386
tri03421,NCT04404361
tri03422,NCT04405076
tri03423,NCT04405570
tri03424,NCT04405739
tri03425,NCT04405908
tri03426,NCT04405921
tri03427,NCT04405934
tri03428,NCT04407117
tri03429,NCT04407130
tri03430,NCT04407572
tri03431,NCT04407585
tri03432,NCT04407689
tri03433,NCT04408248
tri03434,NCT04409262
tri03435,NCT04409925
tri03436,NCT04410159
tri03437,NCT04410354
tri03438,NCT04411147
tri03439,NCT04411628
tri03440,NCT04412291
tri03441,NCT04412304
tri03442,NCT04412330
tri03443,NCT04412668
tri03444,NCT04414267
tri03445,NCT04415060
tri03446,NCT04416347
tri03447,NCT04416464
tri03448,NCT04417257
tri03449,NCT04417673
tri03450,NCT04419610
tri03451,NCT04420247
tri03452,NCT04420312
tri03453,NCT04420338
tri03454,NCT04420741
tri03455,NCT04421027
tri03456,NCT04421508
tri03457,NCT04422470
tri03458,NCT04422561
tri03459,NCT04423978
tri03460,NCT04424446
tri03461,NCT04425031
tri03462,NCT04425629
tri03463,NCT04425720
tri03464,NCT04425850
tri03465,NCT04425863
tri03466,NCT04426266
tri03467,NCT04426695
tri03468,NCT04427098
tri03469,NCT04427137
tri03470,NCT04427501
tri03471,NCT04427566
tri03472,NCT04428008
tri03473,NCT04429620
tri03474,NCT04430049
tri03475,NCT04430322
tri03476,NCT04430374
tri03477,NCT04431414
tri03478,NCT04431869
tri03479,NCT04432051
tri03480,NCT04432103
tri03481,NCT04432298
tri03482,NCT04432766
tri03483,NCT04432779
tri03484,NCT04432805
tri03485,NCT04432870
tri03486,NCT04432922
tri03487,NCT04432961
tri03488,NCT04432987
tri03489,NCT04433013
tri03490,NCT04433026
tri03491,NCT04433078
tri03492,NCT04433260
tri03493,NCT04433312
tri03494,NCT04433325
tri03495,NCT04433364
tri03496,NCT04433546
tri03497,NCT04433754
tri03498,NCT04433871
tri03499,NCT04433910
tri03500,NCT04433949
tri03501,NCT04434118
tri03502,NCT04434248
tri03503,NCT04434261
tri03504,NCT04434417
tri03505,NCT04435015
tri03506,NCT04435028
tri03507,NCT04435041
tri03508,NCT04435080
tri03509,NCT04435106
tri03510,NCT04435119
tri03511,NCT04435184
tri03512,NCT04435223
tri03513,NCT04435275
tri03514,NCT04435314
tri03515,NCT04435327
tri03516,NCT04435353
tri03517,NCT04435379
tri03518,NCT04435457
tri03519,NCT04435587
tri03520,NCT04435717
tri03521,NCT04435795
tri03522,NCT04435808
tri03523,NCT04436276
tri03524,NCT04436458
tri03525,NCT04436471
tri03526,NCT04436484
tri03527,NCT04437121
tri03528,NCT04437342
tri03529,NCT04437693
tri03530,NCT04437706
tri03531,NCT04437719
tri03532,NCT04437823
tri03533,NCT04437875
tri03534,NCT04437901
tri03535,NCT04437940
tri03536,NCT04438057
tri03537,NCT04438070
tri03538,NCT04438239
tri03539,NCT04438629
tri03540,NCT04438694
tri03541,NCT04438837
tri03542,NCT04438850
tri03543,NCT04438863
tri03544,NCT04438941
tri03545,NCT04438954
tri03546,NCT04438967
tri03547,NCT04438980
tri03548,NCT04438993
tri03549,NCT04439006
tri03550,NCT04439045
tri03551,NCT04439071
tri03552,NCT04439084
tri03553,NCT04440007
tri03554,NCT04440098
tri03555,NCT04441372
tri03556,NCT04441385
tri03557,NCT04441398
tri03558,NCT04441424
tri03559,NCT04441489
tri03560,NCT04441502
tri03561,NCT04441632
tri03562,NCT04441684
tri03563,NCT04441814
tri03564,NCT04441918
tri03565,NCT04441996
tri03566,NCT04442048
tri03567,NCT04442152
tri03568,NCT04442165
tri03569,NCT04442178
tri03570,NCT04442191
tri03571,NCT04442204
tri03572,NCT04442217
tri03573,NCT04442230
tri03574,NCT04442243
tri03575,NCT04442282
tri03576,NCT04442308
tri03577,NCT04442360
tri03578,NCT04442386
tri03579,NCT04442958
tri03580,NCT04443075
tri03581,NCT04443140
tri03582,NCT04443179
tri03583,NCT04443270
tri03584,NCT04443361
tri03585,NCT04443673
tri03586,NCT04443699
tri03587,NCT04443725
tri03588,NCT04443764
tri03589,NCT04443803
tri03590,NCT04443868
tri03591,NCT04443881
tri03592,NCT04444115
tri03593,NCT04444271
tri03594,NCT04444310
tri03595,NCT04444336
tri03596,NCT04444401
tri03597,NCT04444531
tri03598,NCT04444557
tri03599,NCT04444596
tri03600,NCT04444609
tri03601,NCT04444661
tri03602,NCT04444674
tri03603,NCT04444687
tri03604,NCT04444700
tri03605,NCT04444713
tri03606,NCT04445194
tri03607,NCT04445207
tri03608,NCT04445220
tri03609,NCT04445233
tri03610,NCT04445246
tri03611,NCT04445259
tri03612,NCT04445272
tri03613,NCT04445285
tri03614,NCT04445311
tri03615,NCT04445324
tri03616,NCT04445337
tri03617,NCT04445376
tri03618,NCT04445389
tri03619,NCT04445402
tri03620,NCT04445415
tri03621,NCT04445428
tri03622,NCT04445441
tri03623,NCT04445454
tri03624,NCT04445467
tri03625,NCT04445493
tri03626,NCT04445506
tri03627,NCT04445597
tri03628,NCT04445610
tri03629,NCT04445623
tri03630,NCT04445870
tri03631,NCT04445935
tri03632,NCT04445961
tri03633,NCT04446065
tri03634,NCT04446104
tri03635,NCT04446169
tri03636,NCT04446286
tri03637,NCT04446338
tri03638,NCT04446377
tri03639,NCT04446429
tri03640,NCT04447131
tri03641,NCT04447144
tri03642,NCT04447209
tri03643,NCT04447222
tri03644,NCT04447235
tri03645,NCT04447469
tri03646,NCT04447495
tri03647,NCT04447534
tri03648,NCT04447638
tri03649,NCT04448054
tri03650,NCT04448119
tri03651,NCT04448145
tri03652,NCT04448405
tri03653,NCT04448418
tri03654,NCT04448704
tri03655,NCT04448717
tri03656,NCT04448743
tri03657,NCT04448756
tri03658,NCT04448769
tri03659,NCT04448782
tri03660,NCT04449042
tri03661,NCT04449081
tri03662,NCT04449094
tri03663,NCT04449276
tri03664,NCT04449380
tri03665,ACTRN12620000688987
tri03666,ACTRN12620000698976
tri03667,ACTRN12620000692932
tri03668,ACTRN12620000707965
tri03669,ACTRN12620000702910
tri03670,ISRCTN13990999
tri03671,ISRCTN12394803
tri03672,ISRCTN60400862
tri03673,ISRCTN13471603
tri03674,ISRCTN54917435
tri03675,ISRCTN15475176
tri03676,ISRCTN17072692
tri03677,ISRCTN69546370
tri03678,ISRCTN86534580
tri03679,ISRCTN37530113
tri03680,ISRCTN18274006
tri03681,ISRCTN55201674
tri03682,ChiCTR2000034164
tri03683,ChiCTR2000034112
tri03684,ChiCTR2000034076
tri03685,ChiCTR2000029589
tri03686,EUCTR2020-001767-86-IE
tri03687,EUCTR2020-001777-71-GB
tri03688,EUCTR2020-001745-40-IT
tri03689,EUCTR2020-001501-24-IT
tri03690,EUCTR2020-001390-76-IT
tri03691,EUCTR2020-001528-32-IT
tri03692,EUCTR2020-001987-28-IT
tri03693,EUCTR2020-001172-15-DE
tri03694,EUCTR2020-001921-30-IT
tri03695,EUCTR2020-001795-15-IT
tri03696,EUCTR2020-001854-23-IT
tri03697,EUCTR2020-001558-23-IT
tri03698,NL8536
tri03699,NL8512
tri03700,NL8551
tri03701,NL8501
tri03702,NL8522
tri03703,NL8523
tri03704,NL8562
tri03705,NL8563
tri03706,NL8570
tri03707,NL8529
tri03708,NL8572
tri03709,NL8576
tri03710,NL8521
tri03711,NL8580
tri03712,NL8578
tri03713,NL8577
tri03714,NL8587
tri03715,NL8589
tri03716,NL8528
tri03717,NL8535
tri03718,NL8538
tri03719,NL8513
tri03720,NL8609
tri03721,NL8613
tri03722,NL8543
tri03723,NL8625
tri03724,NL8547
tri03725,NL8627
tri03726,NL8633
tri03727,NL8645
tri03728,NL8668
tri03729,NL8473
tri03730,NL8490
tri03731,NL8526
tri03732,NL8685
tri03733,NL8694
tri03734,NL8706
tri03735,NL8705
tri03736,NL8710
tri03737,NL8714
tri03738,NL8729
tri03739,NL8460
tri03740,NL8483
tri03741,NL8485
tri03742,NL8491
tri03743,NL8497
tri03744,NL8498
tri03745,NCT04324606
tri03746,NCT04381936
tri03747,NCT04348305
tri03748,NCT04327388
tri03749,NCT04451083
